[Sat Sep 12 10:45:44 2026] PHP 8.3.33 Development Server (http://localhost:8000) started
[Sat Sep 12 10:48:03 2026] [::1]:52539 Accepted
[Sat Sep 12 10:48:04 2026] [::1]:52539 [200]: GET /index.php
[Sat Sep 12 10:48:04 2026] [::1]:52539 Closing
[Sat Sep 12 10:51:22 2026] [::1]:59316 Accepted
[Sat Sep 12 10:51:29 2026] [::1]:59316 [200]: GET /download.php?book_id=8&order_id=3&link_id=17
[Sat Sep 12 10:51:29 2026] [::1]:59316 Closing
[Sat Sep 12 10:51:29 2026] [::1]:62204 Accepted
[Sat Sep 12 10:51:43 2026] [::1]:62204 [200]: GET /account.php
[Sat Sep 12 10:51:43 2026] [::1]:62204 Closing
[Sat Sep 12 10:51:43 2026] [::1]:63814 Accepted
[Sat Sep 12 10:51:43 2026] [::1]:62276 Accepted
[Sat Sep 12 10:51:43 2026] [::1]:63814 [200]: GET /assets/css/style.css?v=3
[Sat Sep 12 10:51:43 2026] [::1]:62276 [404]: GET /.well-known/appspecific/com.chrome.devtools.json - No such file or directory
[Sat Sep 12 10:51:43 2026] [::1]:62276 Closing
[Sat Sep 12 10:51:43 2026] [::1]:63814 Closing
[Sat Sep 12 10:54:52 2026] [::1]:57821 Accepted
[Sat Sep 12 10:54:52 2026] [::1]:57821 [200]: GET /index.php
[Sat Sep 12 10:54:52 2026] [::1]:57821 Closing
[Sat Sep 12 10:55:26 2026] [::1]:62633 Accepted
[Sat Sep 12 10:55:26 2026] [::1]:62633 [200]: GET /account.php
[Sat Sep 12 10:55:26 2026] [::1]:62633 Closing
[Sat Sep 12 10:55:26 2026] [::1]:63243 Accepted
[Sat Sep 12 10:55:26 2026] [::1]:54407 Accepted
[Sat Sep 12 10:55:26 2026] [::1]:63243 [200]: GET /assets/css/style.css?v=3
[Sat Sep 12 10:55:26 2026] [::1]:54407 [200]: GET /assets/images/logo.svg
[Sat Sep 12 10:55:26 2026] [::1]:61035 Accepted
[Sat Sep 12 10:55:26 2026] [::1]:57078 Accepted
[Sat Sep 12 10:55:26 2026] [::1]:61035 [200]: GET /uploads/covers/cover_1789054153_2d1533d2.png
[Sat Sep 12 10:55:26 2026] [::1]:63243 Closing
[Sat Sep 12 10:55:27 2026] [::1]:57078 [200]: GET /assets/js/main.js
[Sat Sep 12 10:55:27 2026] [::1]:54407 Closing
[Sat Sep 12 10:55:27 2026] [::1]:57078 Closing
[Sat Sep 12 10:55:27 2026] [::1]:61035 Closing
[Sat Sep 12 10:55:27 2026] [::1]:57727 Accepted
[Sat Sep 12 10:55:27 2026] [::1]:57727 [200]: GET /assets/images/logo-icon.svg
[Sat Sep 12 10:55:27 2026] [::1]:57727 Closing
[Sat Sep 12 10:55:33 2026] [::1]:61516 Accepted
[Sat Sep 12 10:55:39 2026] [::1]:61516 [200]: GET /download.php?book_id=1&order_id=1&link_id=24
[Sat Sep 12 10:55:39 2026] [::1]:61516 Closing
[Sat Sep 12 10:55:39 2026] [::1]:50317 Accepted
[Sat Sep 12 10:56:31 2026] [::1]:50317 [200]: GET /account.php
[Sat Sep 12 10:56:31 2026] [::1]:50317 Closing
[Sat Sep 12 10:56:31 2026] [::1]:64255 Accepted
[Sat Sep 12 10:56:31 2026] [::1]:54213 Accepted
[Sat Sep 12 10:56:31 2026] [::1]:64255 [200]: GET /assets/css/style.css?v=3
[Sat Sep 12 10:56:31 2026] [::1]:54213 [200]: GET /assets/images/logo.svg
[Sat Sep 12 10:56:31 2026] [::1]:64255 Closing
[Sat Sep 12 10:56:31 2026] [::1]:54213 Closing
[Sat Sep 12 10:56:31 2026] [::1]:50527 Accepted
[Sat Sep 12 10:56:31 2026] [::1]:50527 [200]: GET /uploads/covers/cover_1789054153_2d1533d2.png
[Sat Sep 12 10:56:31 2026] [::1]:57129 Accepted
[Sat Sep 12 10:56:31 2026] [::1]:57129 [200]: GET /assets/js/main.js
[Sat Sep 12 10:56:31 2026] [::1]:57129 Closing
[Sat Sep 12 10:56:31 2026] [::1]:50527 Closing
[Sat Sep 12 10:56:31 2026] [::1]:58045 Accepted
[Sat Sep 12 10:56:31 2026] [::1]:58045 [200]: GET /assets/images/logo-icon.svg
[Sat Sep 12 10:56:31 2026] [::1]:58045 Closing
[Sat Sep 12 10:56:37 2026] [::1]:51180 Accepted
[Sat Sep 12 10:56:37 2026] [::1]:51180 [200]: GET /download.php?book_id=8&order_id=3
[Sat Sep 12 10:56:37 2026] [::1]:51180 Closing
[Sat Sep 12 10:56:37 2026] [::1]:61384 Accepted
[Sat Sep 12 10:56:37 2026] [::1]:58473 Accepted
[Sat Sep 12 10:56:37 2026] [::1]:61384 [200]: GET /assets/css/style.css?v=3
[Sat Sep 12 10:56:37 2026] [::1]:58473 [200]: GET /assets/images/logo.svg
[Sat Sep 12 10:56:37 2026] [::1]:61384 Closing
[Sat Sep 12 10:56:37 2026] [::1]:58473 Closing
[Sat Sep 12 10:56:37 2026] [::1]:60395 Accepted
[Sat Sep 12 10:56:37 2026] [::1]:60395 [200]: GET /assets/js/main.js
[Sat Sep 12 10:56:37 2026] [::1]:60395 Closing
[Sat Sep 12 10:56:44 2026] [::1]:57185 Accepted
[Sat Sep 12 10:56:47 2026] [::1]:57185 [200]: GET /download.php?book_id=1&order_id=2
[Sat Sep 12 10:56:47 2026] [::1]:57185 Closing
[Sat Sep 12 10:56:47 2026] [::1]:51929 Accepted
[Sat Sep 12 10:56:47 2026] [::1]:51323 Accepted
[Sat Sep 12 10:56:47 2026] [::1]:51929 [200]: GET /assets/css/style.css?v=3
[Sat Sep 12 10:56:47 2026] [::1]:51323 [200]: GET /assets/images/logo.svg
[Sat Sep 12 10:56:47 2026] [::1]:51929 Closing
[Sat Sep 12 10:56:47 2026] [::1]:51323 Closing
[Sat Sep 12 10:56:47 2026] [::1]:53714 Accepted
[Sat Sep 12 10:56:47 2026] [::1]:53714 [200]: GET /assets/js/main.js
[Sat Sep 12 10:56:47 2026] [::1]:53714 Closing
[Sat Sep 12 10:56:50 2026] [::1]:61362 Accepted
[Sat Sep 12 10:56:53 2026] [::1]:61362 [200]: GET /download.php?book_id=1&order_id=1
[Sat Sep 12 10:56:53 2026] [::1]:61362 Closing
[Sat Sep 12 10:56:53 2026] [::1]:57796 Accepted
[Sat Sep 12 10:56:53 2026] [::1]:58360 Accepted
[Sat Sep 12 10:56:53 2026] [::1]:57796 [200]: GET /assets/css/style.css?v=3
[Sat Sep 12 10:56:53 2026] [::1]:58360 [200]: GET /assets/images/logo.svg
[Sat Sep 12 10:56:53 2026] [::1]:57796 Closing
[Sat Sep 12 10:56:53 2026] [::1]:58360 Closing
[Sat Sep 12 10:56:53 2026] [::1]:63746 Accepted
[Sat Sep 12 10:56:53 2026] [::1]:63746 [200]: GET /assets/js/main.js
[Sat Sep 12 10:56:53 2026] [::1]:63746 Closing
[Sat Sep 12 10:57:00 2026] [::1]:56917 Accepted
[Sat Sep 12 10:57:06 2026] [::1]:56917 [200]: GET /download.php?book_id=1&order_id=1&link_id=24
[Sat Sep 12 10:57:06 2026] [::1]:56917 Closing
[Sat Sep 12 10:57:06 2026] [::1]:49668 Accepted
[Sat Sep 12 10:58:13 2026] [::1]:49668 Closed without sending a request; it was probably just an unused speculative preconnection
[Sat Sep 12 10:58:13 2026] [::1]:49668 Closing
[Sat Sep 12 11:00:16 2026] [::1]:64870 Accepted
[Sat Sep 12 11:00:16 2026] [::1]:64870 [200]: GET /index.php
[Sat Sep 12 11:00:16 2026] [::1]:64870 Closing
[Sat Sep 12 11:01:23 2026] [::1]:56039 Accepted
[Sat Sep 12 11:01:24 2026] [::1]:56039 [200]: GET /admin/login.php
[Sat Sep 12 11:01:24 2026] [::1]:56039 Closing
[Sat Sep 12 11:01:24 2026] [::1]:62953 Accepted
[Sat Sep 12 11:01:24 2026] [::1]:62953 [200]: GET /assets/css/style.css
[Sat Sep 12 11:01:24 2026] [::1]:62953 Closing
[Sat Sep 12 11:01:24 2026] [::1]:53165 Accepted
[Sat Sep 12 11:01:24 2026] [::1]:53165 [404]: GET /favicon.ico - No such file or directory
[Sat Sep 12 11:01:24 2026] [::1]:53165 Closing
[Sat Sep 12 11:01:27 2026] [::1]:49668 Accepted
[Sat Sep 12 11:01:28 2026] [::1]:49668 [302]: POST /admin/login.php
[Sat Sep 12 11:01:28 2026] [::1]:49668 Closing
[Sat Sep 12 11:01:28 2026] [::1]:62860 Accepted
[Sat Sep 12 11:01:28 2026] [::1]:62860 [200]: GET /admin/dashboard.php
[Sat Sep 12 11:01:28 2026] [::1]:62860 Closing
[Sat Sep 12 11:01:28 2026] [::1]:58422 Accepted
[Sat Sep 12 11:01:28 2026] [::1]:58422 [200]: GET /assets/css/style.css
[Sat Sep 12 11:01:28 2026] [::1]:58422 Closing
[Sat Sep 12 11:01:35 2026] [::1]:59992 Accepted
[Sat Sep 12 11:01:35 2026] [::1]:59992 [200]: GET /admin/products.php
[Sat Sep 12 11:01:35 2026] [::1]:59992 Closing
[Sat Sep 12 11:01:35 2026] [::1]:55860 Accepted
[Sat Sep 12 11:01:35 2026] [::1]:55860 [200]: GET /assets/css/style.css
[Sat Sep 12 11:01:35 2026] [::1]:55860 Closing
[Sat Sep 12 11:01:35 2026] [::1]:56035 Accepted
[Sat Sep 12 11:01:35 2026] [::1]:56035 [200]: GET /uploads/covers/cover_1789054153_2d1533d2.png
[Sat Sep 12 11:01:35 2026] [::1]:56035 Closing
[Sat Sep 12 11:01:57 2026] [::1]:63709 Accepted
[Sat Sep 12 11:01:57 2026] [::1]:63709 [200]: GET /admin/product-edit.php?id=1
[Sat Sep 12 11:01:57 2026] [::1]:63709 Closing
[Sat Sep 12 11:01:57 2026] [::1]:57286 Accepted
[Sat Sep 12 11:01:57 2026] [::1]:57286 [200]: GET /assets/css/style.css
[Sat Sep 12 11:01:57 2026] [::1]:57286 Closing
[Sat Sep 12 11:01:57 2026] [::1]:49668 Accepted
[Sat Sep 12 11:01:57 2026] [::1]:49668 [200]: GET /uploads/covers/cover_1789054153_2d1533d2.png
[Sat Sep 12 11:01:57 2026] [::1]:49668 Closing
[Sat Sep 12 11:03:03 2026] [::1]:61702 Accepted
[Sat Sep 12 11:03:03 2026] [::1]:61702 [302]: POST /admin/product-edit.php?id=1
[Sat Sep 12 11:03:03 2026] [::1]:61702 Closing
[Sat Sep 12 11:03:03 2026] [::1]:61493 Accepted
[Sat Sep 12 11:03:03 2026] [::1]:61493 [200]: GET /admin/products.php
[Sat Sep 12 11:03:03 2026] [::1]:61493 Closing
[Sat Sep 12 11:03:03 2026] [::1]:65039 Accepted
[Sat Sep 12 11:03:03 2026] [::1]:65039 [200]: GET /assets/css/style.css
[Sat Sep 12 11:03:03 2026] [::1]:65039 Closing
[Sat Sep 12 11:03:03 2026] [::1]:49672 Accepted
[Sat Sep 12 11:03:03 2026] [::1]:49672 [200]: GET /uploads/covers/cover_1789054153_2d1533d2.png
[Sat Sep 12 11:03:03 2026] [::1]:49672 Closing
[Sat Sep 12 11:03:07 2026] [::1]:58950 Accepted
[Sat Sep 12 11:03:08 2026] [::1]:58950 [200]: GET /admin/product-edit.php?id=1
[Sat Sep 12 11:03:08 2026] [::1]:58950 Closing
[Sat Sep 12 11:03:08 2026] [::1]:56539 Accepted
[Sat Sep 12 11:03:08 2026] [::1]:56539 [200]: GET /assets/css/style.css
[Sat Sep 12 11:03:08 2026] [::1]:56539 Closing
[Sat Sep 12 11:03:08 2026] [::1]:54825 Accepted
[Sat Sep 12 11:03:08 2026] [::1]:54825 [200]: GET /uploads/covers/cover_1789054153_2d1533d2.png
[Sat Sep 12 11:03:08 2026] [::1]:54825 Closing
[Sat Sep 12 11:03:47 2026] [::1]:56627 Accepted
[Sat Sep 12 11:03:47 2026] [::1]:61165 Accepted
[Sat Sep 12 11:04:41 2026] [::1]:56627 [404]: GET /test-curl.php - No such file or directory
[Sat Sep 12 11:04:41 2026] [::1]:56627 Closing
[Sat Sep 12 11:04:41 2026] [::1]:56384 Accepted
[Sat Sep 12 11:05:01 2026] [::1]:61165 Closed without sending a request; it was probably just an unused speculative preconnection
[Sat Sep 12 11:05:01 2026] [::1]:61165 Closing
[Sat Sep 12 11:05:41 2026] [::1]:56384 Closed without sending a request; it was probably just an unused speculative preconnection
[Sat Sep 12 11:05:41 2026] [::1]:56384 Closing
[Sat Sep 12 11:07:36 2026] [::1]:63127 Accepted
[Sat Sep 12 11:07:36 2026] [::1]:63127 [302]: POST /admin/product-edit.php?id=1
[Sat Sep 12 11:07:36 2026] [::1]:63127 Closing
[Sat Sep 12 11:07:36 2026] [::1]:51305 Accepted
[Sat Sep 12 11:07:36 2026] [::1]:51305 [200]: GET /admin/products.php
[Sat Sep 12 11:07:36 2026] [::1]:51305 Closing
[Sat Sep 12 11:07:37 2026] [::1]:56786 Accepted
[Sat Sep 12 11:07:37 2026] [::1]:56786 [200]: GET /assets/css/style.css
[Sat Sep 12 11:07:37 2026] [::1]:56786 Closing
[Sat Sep 12 11:07:37 2026] [::1]:53077 Accepted
[Sat Sep 12 11:07:37 2026] [::1]:53077 [200]: GET /uploads/covers/cover_1789054153_2d1533d2.png
[Sat Sep 12 11:07:37 2026] [::1]:53077 Closing
[Sat Sep 12 11:08:06 2026] [::1]:57517 Accepted
[Sat Sep 12 11:08:06 2026] [::1]:57517 [200]: GET /download.php?book_id=1&order_id=1
[Sat Sep 12 11:08:06 2026] [::1]:57517 Closing
[Sat Sep 12 11:08:06 2026] [::1]:58509 Accepted
[Sat Sep 12 11:08:09 2026] [::1]:58509 [200]: GET /download.php?book_id=1&order_id=1
[Sat Sep 12 11:08:09 2026] [::1]:58509 Closing
[Sat Sep 12 11:08:09 2026] [::1]:54277 Accepted
[Sat Sep 12 11:08:09 2026] [::1]:59347 Accepted
[Sat Sep 12 11:08:09 2026] [::1]:54277 [200]: GET /assets/css/style.css?v=3
[Sat Sep 12 11:08:09 2026] [::1]:59347 [200]: GET /assets/images/logo.svg
[Sat Sep 12 11:08:09 2026] [::1]:54277 Closing
[Sat Sep 12 11:08:09 2026] [::1]:59347 Closing
[Sat Sep 12 11:08:09 2026] [::1]:53335 Accepted
[Sat Sep 12 11:08:09 2026] [::1]:53335 [200]: GET /assets/js/main.js
[Sat Sep 12 11:08:09 2026] [::1]:53335 Closing
[Sat Sep 12 11:08:10 2026] [::1]:49674 Accepted
[Sat Sep 12 11:08:10 2026] [::1]:49674 [200]: GET /assets/images/logo-icon.svg
[Sat Sep 12 11:08:10 2026] [::1]:49674 Closing
[Sat Sep 12 11:08:14 2026] [::1]:59859 Accepted
[Sat Sep 12 11:08:21 2026] [::1]:59859 [200]: GET /download.php?book_id=1&order_id=1&link_id=28
[Sat Sep 12 11:08:21 2026] [::1]:59859 Closing
[Sat Sep 12 11:08:21 2026] [::1]:59800 Accepted
[Sat Sep 12 11:09:40 2026] [::1]:59800 Closed without sending a request; it was probably just an unused speculative preconnection
[Sat Sep 12 11:09:40 2026] [::1]:59800 Closing
[Sat Sep 12 11:11:19 2026] [::1]:49737 Accepted
[Sat Sep 12 11:11:19 2026] [::1]:49737 [200]: GET /download.php?book_id=1&order_id=1
[Sat Sep 12 11:11:19 2026] [::1]:49737 Closing
[Sat Sep 12 11:11:19 2026] [::1]:51664 Accepted
[Sat Sep 12 11:11:19 2026] [::1]:52021 Accepted
[Sat Sep 12 11:11:19 2026] [::1]:51664 [200]: GET /assets/css/style.css?v=3
[Sat Sep 12 11:11:19 2026] [::1]:52021 [200]: GET /assets/images/logo.svg
[Sat Sep 12 11:11:19 2026] [::1]:51664 Closing
[Sat Sep 12 11:11:19 2026] [::1]:52021 Closing
[Sat Sep 12 11:11:19 2026] [::1]:58273 Accepted
[Sat Sep 12 11:11:19 2026] [::1]:58273 [200]: GET /assets/js/main.js
[Sat Sep 12 11:11:19 2026] [::1]:58273 Closing
[Sat Sep 12 11:11:19 2026] [::1]:60848 Accepted
[Sat Sep 12 11:11:19 2026] [::1]:60848 [200]: GET /assets/images/logo-icon.svg
[Sat Sep 12 11:11:19 2026] [::1]:60848 Closing
[Sat Sep 12 11:11:21 2026] [::1]:49672 Accepted
[Sat Sep 12 11:11:21 2026] [::1]:49672 [200]: GET /download.php?book_id=1&order_id=1
[Sat Sep 12 11:11:21 2026] [::1]:49672 Closing
[Sat Sep 12 11:11:21 2026] [::1]:55709 Accepted
[Sat Sep 12 11:11:21 2026] [::1]:56415 Accepted
[Sat Sep 12 11:11:21 2026] [::1]:55709 [200]: GET /assets/css/style.css?v=3
[Sat Sep 12 11:11:21 2026] [::1]:56415 [200]: GET /assets/images/logo.svg
[Sat Sep 12 11:11:21 2026] [::1]:55709 Closing
[Sat Sep 12 11:11:21 2026] [::1]:56415 Closing
[Sat Sep 12 11:11:21 2026] [::1]:63968 Accepted
[Sat Sep 12 11:11:21 2026] [::1]:63968 [200]: GET /assets/js/main.js
[Sat Sep 12 11:11:21 2026] [::1]:63968 Closing
[Sat Sep 12 11:11:22 2026] [::1]:65243 Accepted
[Sat Sep 12 11:11:22 2026] [::1]:65243 [200]: GET /assets/images/logo-icon.svg
[Sat Sep 12 11:11:22 2026] [::1]:65243 Closing
[Sat Sep 12 11:11:29 2026] [::1]:50938 Accepted
[Sat Sep 12 11:11:29 2026] [::1]:50938 [200]: GET /assets/css/style.css?v=3
[Sat Sep 12 11:11:29 2026] [::1]:50938 Closing
[Sat Sep 12 11:11:29 2026] [::1]:54780 Accepted
[Sat Sep 12 11:11:29 2026] [::1]:54780 [404]: GET /.well-known/appspecific/com.chrome.devtools.json - No such file or directory
[Sat Sep 12 11:11:29 2026] [::1]:54780 Closing
[Sat Sep 12 11:11:38 2026] [::1]:63480 Accepted
[Sat Sep 12 11:11:45 2026] [::1]:63480 [200]: GET /download.php?book_id=1&order_id=1&link_id=28
[Sat Sep 12 11:11:45 2026] [::1]:63480 Closing
[Sat Sep 12 11:11:45 2026] [::1]:58949 Accepted
[Sat Sep 12 11:12:03 2026] [::1]:58949 [200]: GET /index.php
[Sat Sep 12 11:12:03 2026] [::1]:58949 Closing
[Sat Sep 12 11:12:03 2026] [::1]:62353 Accepted
[Sat Sep 12 11:12:03 2026] [::1]:61681 Accepted
[Sat Sep 12 11:12:03 2026] [::1]:62353 [200]: GET /assets/css/style.css?v=3
[Sat Sep 12 11:12:03 2026] [::1]:61681 [200]: GET /assets/images/logo.svg
[Sat Sep 12 11:12:03 2026] [::1]:62353 Closing
[Sat Sep 12 11:12:03 2026] [::1]:61681 Closing
[Sat Sep 12 11:12:03 2026] [::1]:63051 Accepted
[Sat Sep 12 11:12:03 2026] [::1]:53753 Accepted
[Sat Sep 12 11:12:03 2026] [::1]:63051 [200]: GET /assets/js/main.js
[Sat Sep 12 11:12:03 2026] [::1]:53753 [200]: GET /uploads/covers/cover_1789054153_2d1533d2.png
[Sat Sep 12 11:12:03 2026] [::1]:63051 Closing
[Sat Sep 12 11:12:03 2026] [::1]:53753 Closing
[Sat Sep 12 11:12:21 2026] [::1]:59181 Accepted
[Sat Sep 12 11:12:21 2026] [::1]:59181 [302]: GET /logout.php
[Sat Sep 12 11:12:21 2026] [::1]:59181 Closing
[Sat Sep 12 11:12:21 2026] [::1]:51974 Accepted
[Sat Sep 12 11:12:21 2026] [::1]:51974 [200]: GET /index.php
[Sat Sep 12 11:12:21 2026] [::1]:51974 Closing
[Sat Sep 12 11:12:21 2026] [::1]:52886 Accepted
[Sat Sep 12 11:12:21 2026] [::1]:49955 Accepted
[Sat Sep 12 11:12:21 2026] [::1]:52886 [200]: GET /assets/css/style.css?v=3
[Sat Sep 12 11:12:21 2026] [::1]:65156 Accepted
[Sat Sep 12 11:12:21 2026] [::1]:49955 [200]: GET /assets/images/logo.svg
[Sat Sep 12 11:12:21 2026] [::1]:65156 [200]: GET /uploads/covers/cover_1789054153_2d1533d2.png
[Sat Sep 12 11:12:21 2026] [::1]:52886 Closing
[Sat Sep 12 11:12:21 2026] [::1]:49955 Closing
[Sat Sep 12 11:12:21 2026] [::1]:58196 Accepted
[Sat Sep 12 11:12:21 2026] [::1]:58196 [200]: GET /assets/js/main.js
[Sat Sep 12 11:12:21 2026] [::1]:58196 Closing
[Sat Sep 12 11:12:21 2026] [::1]:65156 Closing
[Sat Sep 12 11:15:57 2026] [::1]:61219 Accepted
[Sat Sep 12 11:15:58 2026] [::1]:61219 [200]: GET /
[Sat Sep 12 11:15:58 2026] [::1]:61219 Closing
[Sat Sep 12 11:16:05 2026] [::1]:51551 Accepted
[Sat Sep 12 11:16:05 2026] [::1]:51551 [200]: GET /
[Sat Sep 12 11:16:05 2026] [::1]:51551 Closing
[Sat Sep 12 11:16:17 2026] [::1]:53584 Accepted
[Sat Sep 12 11:16:17 2026] [::1]:53584 [200]: GET /index.php
[Sat Sep 12 11:16:17 2026] [::1]:53584 Closing
[Sat Sep 12 11:16:17 2026] [::1]:56086 Accepted
[Sat Sep 12 11:16:17 2026] [::1]:55191 Accepted
[Sat Sep 12 11:16:17 2026] [::1]:56086 [200]: GET /assets/css/style.css?v=3
[Sat Sep 12 11:16:17 2026] [::1]:55191 [200]: GET /assets/images/logo.svg
[Sat Sep 12 11:16:17 2026] [::1]:56086 Closing
[Sat Sep 12 11:16:17 2026] [::1]:55191 Closing
[Sat Sep 12 11:16:17 2026] [::1]:49668 Accepted
[Sat Sep 12 11:16:17 2026] [::1]:49668 [200]: GET /uploads/covers/cover_1789054153_2d1533d2.png
[Sat Sep 12 11:16:17 2026] [::1]:59904 Accepted
[Sat Sep 12 11:16:17 2026] [::1]:59904 [200]: GET /assets/js/main.js
[Sat Sep 12 11:16:17 2026] [::1]:59904 Closing
[Sat Sep 12 11:16:17 2026] [::1]:49668 Closing
[Sat Sep 12 11:16:17 2026] [::1]:60353 Accepted
[Sat Sep 12 11:16:17 2026] [::1]:60353 [200]: GET /assets/images/logo-icon.svg
[Sat Sep 12 11:16:17 2026] [::1]:60353 Closing
[Sat Sep 12 11:16:24 2026] [::1]:54319 Accepted
[Sat Sep 12 11:16:24 2026] [::1]:54319 [200]: GET /assets/css/style.css?v=3
[Sat Sep 12 11:16:24 2026] [::1]:54319 Closing
[Sat Sep 12 11:16:25 2026] [::1]:62565 Accepted
[Sat Sep 12 11:16:25 2026] [::1]:62565 [404]: GET /.well-known/appspecific/com.chrome.devtools.json - No such file or directory
[Sat Sep 12 11:16:25 2026] [::1]:62565 Closing
[Sat Sep 12 11:17:00 2026] [::1]:65507 Accepted
[Sat Sep 12 11:17:01 2026] [::1]:65507 [200]: GET /subjects.php?level=primary
[Sat Sep 12 11:17:01 2026] [::1]:65507 Closing
[Sat Sep 12 11:17:01 2026] [::1]:58313 Accepted
[Sat Sep 12 11:17:01 2026] [::1]:57167 Accepted
[Sat Sep 12 11:17:01 2026] [::1]:58313 [200]: GET /assets/css/style.css?v=3
[Sat Sep 12 11:17:01 2026] [::1]:57167 [200]: GET /assets/images/logo.svg
[Sat Sep 12 11:17:01 2026] [::1]:58313 Closing
[Sat Sep 12 11:17:01 2026] [::1]:57167 Closing
[Sat Sep 12 11:17:01 2026] [::1]:65120 Accepted
[Sat Sep 12 11:17:01 2026] [::1]:65120 [200]: GET /assets/js/main.js
[Sat Sep 12 11:17:01 2026] [::1]:65120 Closing
[Sat Sep 12 11:17:13 2026] [::1]:59843 Accepted
[Sat Sep 12 11:17:14 2026] [::1]:59843 [200]: GET /subjects.php?level=secondary
[Sat Sep 12 11:17:14 2026] [::1]:59843 Closing
[Sat Sep 12 11:17:14 2026] [::1]:57511 Accepted
[Sat Sep 12 11:17:14 2026] [::1]:50384 Accepted
[Sat Sep 12 11:17:14 2026] [::1]:57511 [200]: GET /assets/css/style.css?v=3
[Sat Sep 12 11:17:14 2026] [::1]:50384 [200]: GET /assets/images/logo.svg
[Sat Sep 12 11:17:14 2026] [::1]:57511 Closing
[Sat Sep 12 11:17:14 2026] [::1]:50384 Closing
[Sat Sep 12 11:17:14 2026] [::1]:56881 Accepted
[Sat Sep 12 11:17:14 2026] [::1]:56881 [200]: GET /assets/js/main.js
[Sat Sep 12 11:17:14 2026] [::1]:56881 Closing
[Sat Sep 12 11:17:17 2026] [::1]:60276 Accepted
[Sat Sep 12 11:17:17 2026] [::1]:60276 [200]: GET /books.php?subject_id=1
[Sat Sep 12 11:17:17 2026] [::1]:60276 Closing
[Sat Sep 12 11:17:17 2026] [::1]:56853 Accepted
[Sat Sep 12 11:17:17 2026] [::1]:65514 Accepted
[Sat Sep 12 11:17:17 2026] [::1]:56853 [200]: GET /assets/css/style.css?v=3
[Sat Sep 12 11:17:17 2026] [::1]:60944 Accepted
[Sat Sep 12 11:17:17 2026] [::1]:65514 [200]: GET /assets/images/logo.svg
[Sat Sep 12 11:17:17 2026] [::1]:60944 [200]: GET /uploads/covers/cover_1789054153_2d1533d2.png
[Sat Sep 12 11:17:17 2026] [::1]:56853 Closing
[Sat Sep 12 11:17:17 2026] [::1]:65514 Closing
[Sat Sep 12 11:17:17 2026] [::1]:64229 Accepted
[Sat Sep 12 11:17:17 2026] [::1]:64229 [200]: GET /assets/js/main.js
[Sat Sep 12 11:17:17 2026] [::1]:64229 Closing
[Sat Sep 12 11:17:17 2026] [::1]:60944 Closing
[Sat Sep 12 11:17:20 2026] [::1]:53208 Accepted
[Sat Sep 12 11:17:20 2026] [::1]:53208 [302]: GET /sales.php?book_id=1
[Sat Sep 12 11:17:20 2026] [::1]:53208 Closing
[Sat Sep 12 11:17:20 2026] [::1]:62787 Accepted
[Sat Sep 12 11:17:21 2026] [::1]:62787 [200]: GET /lead-capture.php?next=sales.php%3Fbook_id%3D1
[Sat Sep 12 11:17:21 2026] [::1]:62787 Closing
[Sat Sep 12 11:17:21 2026] [::1]:61591 Accepted
[Sat Sep 12 11:17:21 2026] [::1]:54227 Accepted
[Sat Sep 12 11:17:21 2026] [::1]:61591 [200]: GET /assets/css/style.css?v=3
[Sat Sep 12 11:17:21 2026] [::1]:54227 [200]: GET /assets/images/logo.svg
[Sat Sep 12 11:17:21 2026] [::1]:61591 Closing
[Sat Sep 12 11:17:21 2026] [::1]:54227 Closing
[Sat Sep 12 11:17:21 2026] [::1]:51012 Accepted
[Sat Sep 12 11:17:21 2026] [::1]:51012 [200]: GET /assets/js/main.js
[Sat Sep 12 11:17:21 2026] [::1]:51012 Closing
[Sat Sep 12 11:17:32 2026] [::1]:58312 Accepted
[Sat Sep 12 11:17:32 2026] [::1]:58312 [200]: GET /index.php
[Sat Sep 12 11:17:32 2026] [::1]:58312 Closing
[Sat Sep 12 11:17:32 2026] [::1]:57777 Accepted
[Sat Sep 12 11:17:32 2026] [::1]:65515 Accepted
[Sat Sep 12 11:17:32 2026] [::1]:57777 [200]: GET /assets/css/style.css?v=3
[Sat Sep 12 11:17:32 2026] [::1]:56117 Accepted
[Sat Sep 12 11:17:32 2026] [::1]:65515 [200]: GET /assets/images/logo.svg
[Sat Sep 12 11:17:32 2026] [::1]:56117 [200]: GET /uploads/covers/cover_1789054153_2d1533d2.png
[Sat Sep 12 11:17:32 2026] [::1]:57777 Closing
[Sat Sep 12 11:17:32 2026] [::1]:65515 Closing
[Sat Sep 12 11:17:32 2026] [::1]:56117 Closing
[Sat Sep 12 11:17:32 2026] [::1]:53842 Accepted
[Sat Sep 12 11:17:32 2026] [::1]:53842 [200]: GET /assets/js/main.js
[Sat Sep 12 11:17:32 2026] [::1]:53842 Closing
[Sat Sep 12 11:20:43 2026] [::1]:65138 Accepted
[Sat Sep 12 11:20:43 2026] [::1]:65138 [302]: GET /sales.php?book_id=1
[Sat Sep 12 11:20:43 2026] [::1]:65138 Closing
[Sat Sep 12 11:20:43 2026] [::1]:51966 Accepted
[Sat Sep 12 11:20:43 2026] [::1]:51966 [200]: GET /lead-capture.php?next=sales.php%3Fbook_id%3D1
[Sat Sep 12 11:20:43 2026] [::1]:51966 Closing
[Sat Sep 12 11:20:43 2026] [::1]:60973 Accepted
[Sat Sep 12 11:20:43 2026] [::1]:50822 Accepted
[Sat Sep 12 11:20:43 2026] [::1]:60973 [200]: GET /assets/css/style.css?v=3
[Sat Sep 12 11:20:43 2026] [::1]:50822 [200]: GET /assets/images/logo.svg
[Sat Sep 12 11:20:43 2026] [::1]:60973 Closing
[Sat Sep 12 11:20:43 2026] [::1]:50822 Closing
[Sat Sep 12 11:20:43 2026] [::1]:59529 Accepted
[Sat Sep 12 11:20:43 2026] [::1]:59529 [200]: GET /assets/js/main.js
[Sat Sep 12 11:20:43 2026] [::1]:59529 Closing
[Sat Sep 12 11:21:42 2026] [::1]:56590 Accepted
[Sat Sep 12 11:21:42 2026] [::1]:56590 [200]: GET /how-it-works.php
[Sat Sep 12 11:21:42 2026] [::1]:56590 Closing
[Sat Sep 12 11:22:22 2026] [::1]:62694 Accepted
[Sat Sep 12 11:22:22 2026] [::1]:62694 [200]: GET /index.php
[Sat Sep 12 11:22:22 2026] [::1]:62694 Closing
[Sat Sep 12 11:22:22 2026] [::1]:65368 Accepted
[Sat Sep 12 11:22:22 2026] [::1]:58828 Accepted
[Sat Sep 12 11:22:22 2026] [::1]:65368 [200]: GET /assets/css/style.css?v=3
[Sat Sep 12 11:22:22 2026] [::1]:63343 Accepted
[Sat Sep 12 11:22:22 2026] [::1]:58828 [200]: GET /assets/images/logo.svg
[Sat Sep 12 11:22:22 2026] [::1]:60487 Accepted
[Sat Sep 12 11:22:22 2026] [::1]:63343 [200]: GET /uploads/covers/cover_1789054153_2d1533d2.png
[Sat Sep 12 11:22:22 2026] [::1]:60487 [200]: GET /assets/js/main.js
[Sat Sep 12 11:22:22 2026] [::1]:65368 Closing
[Sat Sep 12 11:22:22 2026] [::1]:58828 Closing
[Sat Sep 12 11:22:22 2026] [::1]:60487 Closing
[Sat Sep 12 11:22:22 2026] [::1]:63343 Closing
[Sat Sep 12 11:22:25 2026] [::1]:64086 Accepted
[Sat Sep 12 11:22:25 2026] [::1]:64086 [200]: GET /how-it-works.php
[Sat Sep 12 11:22:25 2026] [::1]:64086 Closing
[Sat Sep 12 11:22:25 2026] [::1]:61398 Accepted
[Sat Sep 12 11:22:25 2026] [::1]:56148 Accepted
[Sat Sep 12 11:22:25 2026] [::1]:61398 [200]: GET /assets/css/style.css?v=3
[Sat Sep 12 11:22:25 2026] [::1]:56148 [200]: GET /assets/images/logo.svg
[Sat Sep 12 11:22:25 2026] [::1]:61398 Closing
[Sat Sep 12 11:22:25 2026] [::1]:56148 Closing
[Sat Sep 12 11:22:25 2026] [::1]:56690 Accepted
[Sat Sep 12 11:22:25 2026] [::1]:56690 [200]: GET /assets/js/main.js
[Sat Sep 12 11:22:25 2026] [::1]:56690 Closing
[Sat Sep 12 11:23:20 2026] [::1]:61350 Accepted
[Sat Sep 12 11:23:20 2026] [::1]:61350 [200]: GET /how-it-works.php
[Sat Sep 12 11:23:20 2026] [::1]:61350 Closing
[Sat Sep 12 11:23:20 2026] [::1]:61352 Accepted
[Sat Sep 12 11:23:20 2026] [::1]:61352 [200]: GET /assets/css/style.css
[Sat Sep 12 11:23:20 2026] [::1]:61352 Closing
[Sat Sep 12 11:24:15 2026] [::1]:54633 Accepted
[Sat Sep 12 11:24:15 2026] [::1]:54633 [200]: GET /how-it-works.php
[Sat Sep 12 11:24:15 2026] [::1]:54633 Closing
[Sat Sep 12 11:24:15 2026] [::1]:62010 Accepted
[Sat Sep 12 11:24:15 2026] [::1]:62271 Accepted
[Sat Sep 12 11:24:15 2026] [::1]:62010 [200]: GET /assets/css/style.css?v=4
[Sat Sep 12 11:24:15 2026] [::1]:62271 [200]: GET /assets/images/logo.svg
[Sat Sep 12 11:24:15 2026] [::1]:62010 Closing
[Sat Sep 12 11:24:15 2026] [::1]:62271 Closing
[Sat Sep 12 11:24:15 2026] [::1]:59999 Accepted
[Sat Sep 12 11:24:15 2026] [::1]:59999 [200]: GET /assets/js/main.js
[Sat Sep 12 11:24:15 2026] [::1]:59999 Closing
[Sat Sep 12 11:24:15 2026] [::1]:54062 Accepted
[Sat Sep 12 11:24:15 2026] [::1]:54062 [200]: GET /assets/images/logo-icon.svg
[Sat Sep 12 11:24:15 2026] [::1]:54062 Closing
[Sat Sep 12 11:25:34 2026] [::1]:64436 Accepted
[Sat Sep 12 11:25:35 2026] [::1]:64436 [200]: GET /index.php
[Sat Sep 12 11:25:35 2026] [::1]:64436 Closing
[Sat Sep 12 11:25:35 2026] [::1]:49342 Accepted
[Sat Sep 12 11:25:35 2026] [::1]:58092 Accepted
[Sat Sep 12 11:25:35 2026] [::1]:49342 [200]: GET /assets/css/style.css?v=4
[Sat Sep 12 11:25:35 2026] [::1]:53749 Accepted
[Sat Sep 12 11:25:35 2026] [::1]:58092 [200]: GET /assets/images/logo.svg
[Sat Sep 12 11:25:35 2026] [::1]:59495 Accepted
[Sat Sep 12 11:25:35 2026] [::1]:53749 [200]: GET /uploads/covers/cover_1789054153_2d1533d2.png
[Sat Sep 12 11:25:35 2026] [::1]:59495 [200]: GET /assets/js/main.js
[Sat Sep 12 11:25:35 2026] [::1]:49342 Closing
[Sat Sep 12 11:25:35 2026] [::1]:58092 Closing
[Sat Sep 12 11:25:35 2026] [::1]:59495 Closing
[Sat Sep 12 11:25:35 2026] [::1]:53749 Closing
[Sat Sep 12 11:25:39 2026] [::1]:58395 Accepted
[Sat Sep 12 11:25:39 2026] [::1]:58395 [200]: GET /how-it-works.php
[Sat Sep 12 11:25:39 2026] [::1]:58395 Closing
[Sat Sep 12 11:25:39 2026] [::1]:57101 Accepted
[Sat Sep 12 11:25:39 2026] [::1]:54908 Accepted
[Sat Sep 12 11:25:39 2026] [::1]:57101 [200]: GET /assets/css/style.css?v=4
[Sat Sep 12 11:25:39 2026] [::1]:54908 [200]: GET /assets/images/logo.svg
[Sat Sep 12 11:25:39 2026] [::1]:57101 Closing
[Sat Sep 12 11:25:39 2026] [::1]:54908 Closing
[Sat Sep 12 11:25:39 2026] [::1]:57084 Accepted
[Sat Sep 12 11:25:39 2026] [::1]:57084 [200]: GET /assets/js/main.js
[Sat Sep 12 11:25:39 2026] [::1]:57084 Closing
[Sat Sep 12 11:25:44 2026] [::1]:58057 Accepted
[Sat Sep 12 11:25:44 2026] [::1]:58057 [200]: GET /index.php
[Sat Sep 12 11:25:44 2026] [::1]:58057 Closing
[Sat Sep 12 11:25:44 2026] [::1]:63047 Accepted
[Sat Sep 12 11:25:44 2026] [::1]:64555 Accepted
[Sat Sep 12 11:25:44 2026] [::1]:63047 [200]: GET /assets/css/style.css?v=4
[Sat Sep 12 11:25:44 2026] [::1]:54412 Accepted
[Sat Sep 12 11:25:44 2026] [::1]:64555 [200]: GET /assets/images/logo.svg
[Sat Sep 12 11:25:44 2026] [::1]:54412 [200]: GET /uploads/covers/cover_1789054153_2d1533d2.png
[Sat Sep 12 11:25:44 2026] [::1]:63047 Closing
[Sat Sep 12 11:25:44 2026] [::1]:64555 Closing
[Sat Sep 12 11:25:44 2026] [::1]:58203 Accepted
[Sat Sep 12 11:25:44 2026] [::1]:58203 [200]: GET /assets/js/main.js
[Sat Sep 12 11:25:44 2026] [::1]:58203 Closing
[Sat Sep 12 11:25:44 2026] [::1]:54412 Closing
[Sat Sep 12 11:25:46 2026] [::1]:57581 Accepted
[Sat Sep 12 11:25:46 2026] [::1]:57581 [200]: GET /assets/css/style.css?v=4
[Sat Sep 12 11:25:46 2026] [::1]:57581 Closing
[Sat Sep 12 11:25:46 2026] [::1]:65333 Accepted
[Sat Sep 12 11:25:46 2026] [::1]:65333 [404]: GET /.well-known/appspecific/com.chrome.devtools.json - No such file or directory
[Sat Sep 12 11:25:46 2026] [::1]:65333 Closing
[Sat Sep 12 11:25:50 2026] [::1]:49668 Accepted
[Sat Sep 12 11:25:50 2026] [::1]:49668 [200]: GET /how-it-works.php
[Sat Sep 12 11:25:50 2026] [::1]:49668 Closing
[Sat Sep 12 11:25:50 2026] [::1]:58270 Accepted
[Sat Sep 12 11:25:50 2026] [::1]:58270 [200]: GET /assets/css/style.css?v=4
[Sat Sep 12 11:25:50 2026] [::1]:63718 Accepted
[Sat Sep 12 11:25:50 2026] [::1]:65157 Accepted
[Sat Sep 12 11:25:50 2026] [::1]:63718 [200]: GET /assets/images/logo.svg
[Sat Sep 12 11:25:50 2026] [::1]:65157 [200]: GET /assets/js/main.js
[Sat Sep 12 11:25:50 2026] [::1]:58270 Closing
[Sat Sep 12 11:25:50 2026] [::1]:63718 Closing
[Sat Sep 12 11:25:50 2026] [::1]:65157 Closing
[Sat Sep 12 11:25:50 2026] [::1]:62160 Accepted
[Sat Sep 12 11:25:50 2026] [::1]:62160 [404]: GET /.well-known/appspecific/com.chrome.devtools.json - No such file or directory
[Sat Sep 12 11:25:50 2026] [::1]:62160 Closing
[Sat Sep 12 11:35:06 2026] [::1]:59395 Accepted
[Sat Sep 12 11:35:06 2026] [::1]:59395 [302]: GET /admin/product-edit.php
[Sat Sep 12 11:35:06 2026] [::1]:59395 Closing
[Sat Sep 12 11:42:22 2026] [::1]:58510 Accepted
[Sat Sep 12 11:42:22 2026] [::1]:58510 [200]: GET /index.php
[Sat Sep 12 11:42:22 2026] [::1]:58510 Closing
[Sat Sep 12 11:42:22 2026] [::1]:64266 Accepted
[Sat Sep 12 11:42:22 2026] [::1]:64636 Accepted
[Sat Sep 12 11:42:22 2026] [::1]:64266 [200]: GET /assets/css/style.css?v=4
[Sat Sep 12 11:42:22 2026] [::1]:64636 [200]: GET /assets/images/logo.svg
[Sat Sep 12 11:42:22 2026] [::1]:64266 Closing
[Sat Sep 12 11:42:22 2026] [::1]:64636 Closing
[Sat Sep 12 11:42:22 2026] [::1]:59506 Accepted
[Sat Sep 12 11:42:22 2026] [::1]:59506 [200]: GET /uploads/covers/cover_1789054153_2d1533d2.png
[Sat Sep 12 11:42:22 2026] [::1]:51648 Accepted
[Sat Sep 12 11:42:22 2026] [::1]:51648 [200]: GET /assets/js/main.js
[Sat Sep 12 11:42:22 2026] [::1]:51648 Closing
[Sat Sep 12 11:42:22 2026] [::1]:59506 Closing
[Sat Sep 12 11:42:26 2026] [::1]:54817 Accepted
[Sat Sep 12 11:42:26 2026] [::1]:54817 [302]: GET /sales.php?book_id=1
[Sat Sep 12 11:42:26 2026] [::1]:54817 Closing
[Sat Sep 12 11:42:26 2026] [::1]:59086 Accepted
[Sat Sep 12 11:42:26 2026] [::1]:59086 [200]: GET /lead-capture.php?next=sales.php%3Fbook_id%3D1
[Sat Sep 12 11:42:26 2026] [::1]:59086 Closing
[Sat Sep 12 11:42:26 2026] [::1]:61942 Accepted
[Sat Sep 12 11:42:26 2026] [::1]:59344 Accepted
[Sat Sep 12 11:42:26 2026] [::1]:61942 [200]: GET /assets/css/style.css?v=4
[Sat Sep 12 11:42:26 2026] [::1]:59344 [200]: GET /assets/images/logo.svg
[Sat Sep 12 11:42:26 2026] [::1]:61942 Closing
[Sat Sep 12 11:42:26 2026] [::1]:59344 Closing
[Sat Sep 12 11:42:26 2026] [::1]:49382 Accepted
[Sat Sep 12 11:42:26 2026] [::1]:49382 [200]: GET /assets/js/main.js
[Sat Sep 12 11:42:26 2026] [::1]:49382 Closing
[Sat Sep 12 11:42:29 2026] [::1]:49383 Accepted
[Sat Sep 12 11:42:29 2026] [::1]:49383 [200]: GET /assets/css/style.css
[Sat Sep 12 11:42:29 2026] [::1]:49383 Closing
[Sat Sep 12 11:42:30 2026] [::1]:63544 Accepted
[Sat Sep 12 11:42:30 2026] [::1]:63544 [200]: GET /login.php
[Sat Sep 12 11:42:30 2026] [::1]:63544 Closing
[Sat Sep 12 11:42:30 2026] [::1]:49698 Accepted
[Sat Sep 12 11:42:30 2026] [::1]:61149 Accepted
[Sat Sep 12 11:42:30 2026] [::1]:49698 [200]: GET /assets/css/style.css?v=4
[Sat Sep 12 11:42:30 2026] [::1]:61149 [200]: GET /assets/images/logo.svg
[Sat Sep 12 11:42:30 2026] [::1]:49698 Closing
[Sat Sep 12 11:42:30 2026] [::1]:61149 Closing
[Sat Sep 12 11:42:30 2026] [::1]:56105 Accepted
[Sat Sep 12 11:42:30 2026] [::1]:56105 [200]: GET /assets/js/main.js
[Sat Sep 12 11:42:30 2026] [::1]:56105 Closing
[Sat Sep 12 11:42:48 2026] [::1]:59515 Accepted
[Sat Sep 12 11:42:48 2026] [::1]:59515 [302]: POST /login.php
[Sat Sep 12 11:42:48 2026] [::1]:59515 Closing
[Sat Sep 12 11:42:48 2026] [::1]:53922 Accepted
[Sat Sep 12 11:42:49 2026] [::1]:53922 [200]: GET /account.php
[Sat Sep 12 11:42:49 2026] [::1]:53922 Closing
[Sat Sep 12 11:42:49 2026] [::1]:55680 Accepted
[Sat Sep 12 11:42:49 2026] [::1]:52439 Accepted
[Sat Sep 12 11:42:49 2026] [::1]:55680 [200]: GET /assets/css/style.css?v=4
[Sat Sep 12 11:42:49 2026] [::1]:60678 Accepted
[Sat Sep 12 11:42:49 2026] [::1]:52439 [200]: GET /assets/images/logo.svg
[Sat Sep 12 11:42:49 2026] [::1]:60678 [200]: GET /uploads/covers/cover_1789054153_2d1533d2.png
[Sat Sep 12 11:42:49 2026] [::1]:55680 Closing
[Sat Sep 12 11:42:49 2026] [::1]:52439 Closing
[Sat Sep 12 11:42:49 2026] [::1]:63641 Accepted
[Sat Sep 12 11:42:49 2026] [::1]:63641 [200]: GET /assets/js/main.js
[Sat Sep 12 11:42:49 2026] [::1]:63641 Closing
[Sat Sep 12 11:42:49 2026] [::1]:60678 Closing
[Sat Sep 12 11:42:51 2026] [::1]:57660 Accepted
[Sat Sep 12 11:42:51 2026] [::1]:57660 [200]: GET /index.php
[Sat Sep 12 11:42:51 2026] [::1]:57660 Closing
[Sat Sep 12 11:42:51 2026] [::1]:50217 Accepted
[Sat Sep 12 11:42:51 2026] [::1]:60390 Accepted
[Sat Sep 12 11:42:51 2026] [::1]:50217 [200]: GET /assets/css/style.css?v=4
[Sat Sep 12 11:42:51 2026] [::1]:60390 [200]: GET /assets/images/logo.svg
[Sat Sep 12 11:42:51 2026] [::1]:50217 Closing
[Sat Sep 12 11:42:51 2026] [::1]:60390 Closing
[Sat Sep 12 11:42:51 2026] [::1]:49672 Accepted
[Sat Sep 12 11:42:51 2026] [::1]:49672 [200]: GET /uploads/covers/cover_1789054153_2d1533d2.png
[Sat Sep 12 11:42:51 2026] [::1]:65207 Accepted
[Sat Sep 12 11:42:51 2026] [::1]:65207 [200]: GET /assets/js/main.js
[Sat Sep 12 11:42:51 2026] [::1]:65207 Closing
[Sat Sep 12 11:42:51 2026] [::1]:49672 Closing
[Sat Sep 12 11:42:54 2026] [::1]:52206 Accepted
[Sat Sep 12 11:42:54 2026] [::1]:52206 [200]: GET /sales.php?book_id=1
[Sat Sep 12 11:42:54 2026] [::1]:52206 Closing
[Sat Sep 12 11:42:54 2026] [::1]:50564 Accepted
[Sat Sep 12 11:42:54 2026] [::1]:59655 Accepted
[Sat Sep 12 11:42:54 2026] [::1]:50564 [200]: GET /assets/css/style.css?v=4
[Sat Sep 12 11:42:54 2026] [::1]:52429 Accepted
[Sat Sep 12 11:42:54 2026] [::1]:59655 [200]: GET /assets/images/logo.svg
[Sat Sep 12 11:42:54 2026] [::1]:64682 Accepted
[Sat Sep 12 11:42:54 2026] [::1]:52429 [200]: GET /uploads/covers/cover_1789054153_2d1533d2.png
[Sat Sep 12 11:42:54 2026] [::1]:64682 [200]: GET /assets/img/momo.png
[Sat Sep 12 11:42:54 2026] [::1]:50564 Closing
[Sat Sep 12 11:42:54 2026] [::1]:59655 Closing
[Sat Sep 12 11:42:54 2026] [::1]:64682 Closing
[Sat Sep 12 11:42:55 2026] [::1]:63542 Accepted
[Sat Sep 12 11:42:55 2026] [::1]:63542 [200]: GET /assets/js/main.js
[Sat Sep 12 11:42:55 2026] [::1]:63542 Closing
[Sat Sep 12 11:42:55 2026] [::1]:52429 Closing
[Sat Sep 12 11:43:03 2026] [::1]:62122 Accepted
[Sat Sep 12 11:43:03 2026] [::1]:62122 [200]: POST /upsell1.php
[Sat Sep 12 11:43:03 2026] [::1]:62122 Closing
[Sat Sep 12 11:43:03 2026] [::1]:64080 Accepted
[Sat Sep 12 11:43:03 2026] [::1]:50014 Accepted
[Sat Sep 12 11:43:03 2026] [::1]:64080 [200]: GET /assets/css/style.css?v=4
[Sat Sep 12 11:43:03 2026] [::1]:50014 [200]: GET /assets/images/logo.svg
[Sat Sep 12 11:43:03 2026] [::1]:64080 Closing
[Sat Sep 12 11:43:03 2026] [::1]:50014 Closing
[Sat Sep 12 11:43:03 2026] [::1]:58228 Accepted
[Sat Sep 12 11:43:03 2026] [::1]:58228 [200]: GET /assets/js/main.js
[Sat Sep 12 11:43:03 2026] [::1]:58228 Closing
[Sat Sep 12 11:43:07 2026] [::1]:49743 Accepted
[Sat Sep 12 11:43:09 2026] [::1]:49743 [200]: POST /upsell1.php
[Sat Sep 12 11:43:09 2026] [::1]:49743 Closing
[Sat Sep 12 11:43:09 2026] [::1]:60278 Accepted
[Sat Sep 12 11:43:09 2026] [::1]:63801 Accepted
[Sat Sep 12 11:43:09 2026] [::1]:60278 [200]: GET /assets/css/style.css?v=4
[Sat Sep 12 11:43:09 2026] [::1]:63801 [200]: GET /assets/images/logo.svg
[Sat Sep 12 11:43:09 2026] [::1]:60278 Closing
[Sat Sep 12 11:43:09 2026] [::1]:63801 Closing
[Sat Sep 12 11:43:09 2026] [::1]:58532 Accepted
[Sat Sep 12 11:43:09 2026] [::1]:58532 [200]: GET /assets/js/main.js
[Sat Sep 12 11:43:09 2026] [::1]:58532 Closing
[Sat Sep 12 11:43:12 2026] [::1]:51292 Accepted
[Sat Sep 12 11:43:12 2026] [::1]:57607 Accepted
[Sat Sep 12 11:43:12 2026] [::1]:51292 [302]: POST /upsell1.php
[Sat Sep 12 11:43:12 2026] [::1]:51292 Closing
[Sat Sep 12 11:43:12 2026] [::1]:57607 [200]: GET /upsell2.php?book_id=1
[Sat Sep 12 11:43:12 2026] [::1]:57607 Closing
[Sat Sep 12 11:43:12 2026] [::1]:49323 Accepted
[Sat Sep 12 11:43:12 2026] [::1]:50189 Accepted
[Sat Sep 12 11:43:12 2026] [::1]:49323 [200]: GET /assets/css/style.css?v=4
[Sat Sep 12 11:43:12 2026] [::1]:50189 [200]: GET /assets/images/logo.svg
[Sat Sep 12 11:43:12 2026] [::1]:49323 Closing
[Sat Sep 12 11:43:12 2026] [::1]:50189 Closing
[Sat Sep 12 11:43:12 2026] [::1]:57701 Accepted
[Sat Sep 12 11:43:12 2026] [::1]:57701 [200]: GET /assets/js/main.js
[Sat Sep 12 11:43:12 2026] [::1]:57701 Closing
[Sat Sep 12 11:43:15 2026] [::1]:55836 Accepted
[Sat Sep 12 11:43:15 2026] [::1]:55836 [302]: POST /upsell2.php?book_id=1
[Sat Sep 12 11:43:15 2026] [::1]:55836 Closing
[Sat Sep 12 11:43:15 2026] [::1]:50156 Accepted
[Sat Sep 12 11:43:15 2026] [::1]:50156 [200]: GET /payment.php?book_id=1
[Sat Sep 12 11:43:15 2026] [::1]:50156 Closing
[Sat Sep 12 11:43:15 2026] [::1]:55730 Accepted
[Sat Sep 12 11:43:15 2026] [::1]:52023 Accepted
[Sat Sep 12 11:43:15 2026] [::1]:55730 [200]: GET /assets/css/style.css?v=4
[Sat Sep 12 11:43:15 2026] [::1]:52023 [200]: GET /assets/images/logo.svg
[Sat Sep 12 11:43:15 2026] [::1]:55730 Closing
[Sat Sep 12 11:43:15 2026] [::1]:52023 Closing
[Sat Sep 12 11:43:15 2026] [::1]:59515 Accepted
[Sat Sep 12 11:43:15 2026] [::1]:59515 [200]: GET /assets/js/main.js
[Sat Sep 12 11:43:15 2026] [::1]:59515 Closing
[Sat Sep 12 11:43:45 2026] [::1]:56129 Accepted
[Sat Sep 12 11:43:45 2026] [::1]:56129 [200]: GET /admin/products.php
[Sat Sep 12 11:43:45 2026] [::1]:56129 Closing
[Sat Sep 12 11:43:45 2026] [::1]:57138 Accepted
[Sat Sep 12 11:43:46 2026] [::1]:57138 [200]: GET /assets/css/style.css
[Sat Sep 12 11:43:46 2026] [::1]:57138 Closing
[Sat Sep 12 11:43:46 2026] [::1]:56109 Accepted
[Sat Sep 12 11:43:46 2026] [::1]:56109 [200]: GET /uploads/covers/cover_1789054153_2d1533d2.png
[Sat Sep 12 11:43:46 2026] [::1]:56109 Closing
[Sat Sep 12 11:43:51 2026] [::1]:50010 Accepted
[Sat Sep 12 11:43:51 2026] [::1]:50010 [200]: GET /admin/product-edit.php?id=1
[Sat Sep 12 11:43:51 2026] [::1]:50010 Closing
[Sat Sep 12 11:43:51 2026] [::1]:55624 Accepted
[Sat Sep 12 11:43:51 2026] [::1]:55624 [200]: GET /assets/css/style.css
[Sat Sep 12 11:43:51 2026] [::1]:55624 Closing
[Sat Sep 12 11:43:51 2026] [::1]:59234 Accepted
[Sat Sep 12 11:43:51 2026] [::1]:59234 [200]: GET /uploads/covers/cover_1789054153_2d1533d2.png
[Sat Sep 12 11:43:51 2026] [::1]:59234 Closing
[Sat Sep 12 11:44:33 2026] [::1]:60283 Accepted
[Sat Sep 12 11:44:33 2026] [::1]:60283 [302]: POST /admin/product-edit.php?id=1
[Sat Sep 12 11:44:33 2026] [::1]:60283 Closing
[Sat Sep 12 11:44:33 2026] [::1]:64735 Accepted
[Sat Sep 12 11:44:33 2026] [::1]:64735 [200]: GET /admin/products.php
[Sat Sep 12 11:44:33 2026] [::1]:64735 Closing
[Sat Sep 12 11:44:33 2026] [::1]:58111 Accepted
[Sat Sep 12 11:44:33 2026] [::1]:58111 [200]: GET /assets/css/style.css
[Sat Sep 12 11:44:33 2026] [::1]:58111 Closing
[Sat Sep 12 11:44:33 2026] [::1]:59153 Accepted
[Sat Sep 12 11:44:33 2026] [::1]:59153 [200]: GET /uploads/covers/cover_1789054153_2d1533d2.png
[Sat Sep 12 11:44:33 2026] [::1]:59153 Closing
[Sat Sep 12 11:44:41 2026] [::1]:60548 Accepted
[Sat Sep 12 11:44:42 2026] [::1]:56669 Accepted
[Sat Sep 12 11:44:45 2026] [::1]:60548 [302]: POST /upsell1.php
[Sat Sep 12 11:44:45 2026] [::1]:60548 Closing
[Sat Sep 12 11:44:46 2026] [::1]:56669 [200]: GET /index.php
[Sat Sep 12 11:44:46 2026] [::1]:56669 Closing
[Sat Sep 12 11:44:46 2026] [::1]:60310 Accepted
[Sat Sep 12 11:44:46 2026] [::1]:60373 Accepted
[Sat Sep 12 11:44:46 2026] [::1]:60310 [200]: GET /assets/css/style.css?v=4
[Sat Sep 12 11:44:46 2026] [::1]:60738 Accepted
[Sat Sep 12 11:44:46 2026] [::1]:60373 [200]: GET /assets/images/logo.svg
[Sat Sep 12 11:44:46 2026] [::1]:52730 Accepted
[Sat Sep 12 11:44:46 2026] [::1]:60738 [200]: GET /uploads/covers/cover_1789054153_2d1533d2.png
[Sat Sep 12 11:44:46 2026] [::1]:52730 [200]: GET /assets/js/main.js
[Sat Sep 12 11:44:46 2026] [::1]:60310 Closing
[Sat Sep 12 11:44:46 2026] [::1]:60373 Closing
[Sat Sep 12 11:44:46 2026] [::1]:52730 Closing
[Sat Sep 12 11:44:46 2026] [::1]:60738 Closing
[Sat Sep 12 11:44:46 2026] [::1]:64302 Accepted
[Sat Sep 12 11:44:46 2026] [::1]:64302 [200]: GET /assets/images/logo-icon.svg
[Sat Sep 12 11:44:46 2026] [::1]:64302 Closing
[Sat Sep 12 11:44:51 2026] [::1]:56100 Accepted
[Sat Sep 12 11:44:51 2026] [::1]:56100 [200]: GET /sales.php?book_id=1
[Sat Sep 12 11:44:51 2026] [::1]:56100 Closing
[Sat Sep 12 11:44:51 2026] [::1]:54093 Accepted
[Sat Sep 12 11:44:51 2026] [::1]:56254 Accepted
[Sat Sep 12 11:44:51 2026] [::1]:54093 [200]: GET /assets/css/style.css?v=4
[Sat Sep 12 11:44:51 2026] [::1]:53549 Accepted
[Sat Sep 12 11:44:51 2026] [::1]:56254 [200]: GET /assets/images/logo.svg
[Sat Sep 12 11:44:51 2026] [::1]:63861 Accepted
[Sat Sep 12 11:44:51 2026] [::1]:53549 [200]: GET /uploads/covers/cover_1789054153_2d1533d2.png
[Sat Sep 12 11:44:51 2026] [::1]:63861 [200]: GET /assets/img/momo.png
[Sat Sep 12 11:44:51 2026] [::1]:54093 Closing
[Sat Sep 12 11:44:51 2026] [::1]:62674 Accepted
[Sat Sep 12 11:44:51 2026] [::1]:56254 Closing
[Sat Sep 12 11:44:51 2026] [::1]:62674 [200]: GET /assets/js/main.js
[Sat Sep 12 11:44:51 2026] [::1]:63861 Closing
[Sat Sep 12 11:44:51 2026] [::1]:62674 Closing
[Sat Sep 12 11:44:51 2026] [::1]:53549 Closing
[Sat Sep 12 11:45:02 2026] [::1]:52791 Accepted
[Sat Sep 12 11:45:02 2026] [::1]:52791 [200]: GET /assets/css/style.css?v=4
[Sat Sep 12 11:45:02 2026] [::1]:52791 Closing
[Sat Sep 12 11:45:02 2026] [::1]:52207 Accepted
[Sat Sep 12 11:45:02 2026] [::1]:52207 [404]: GET /.well-known/appspecific/com.chrome.devtools.json - No such file or directory
[Sat Sep 12 11:45:02 2026] [::1]:52207 Closing
[Sat Sep 12 11:45:05 2026] [::1]:53141 Accepted
[Sat Sep 12 11:45:05 2026] [::1]:53141 [200]: GET /
[Sat Sep 12 11:45:05 2026] [::1]:53141 Closing
[Sat Sep 12 11:46:06 2026] [::1]:64942 Accepted
[Sat Sep 12 11:46:06 2026] [::1]:64942 [404]: GET /.well-known/appspecific/com.chrome.devtools.json - No such file or directory
[Sat Sep 12 11:46:06 2026] [::1]:64942 Closing
[Sat Sep 12 11:46:40 2026] [::1]:59009 Accepted
[Sat Sep 12 11:46:40 2026] [::1]:59009 [404]: GET /.well-known/appspecific/com.chrome.devtools.json - No such file or directory
[Sat Sep 12 11:46:40 2026] [::1]:59009 Closing
[Sat Sep 12 11:47:40 2026] [::1]:57514 Accepted
[Sat Sep 12 11:47:40 2026] [::1]:57514 [404]: GET /.well-known/appspecific/com.chrome.devtools.json - No such file or directory
[Sat Sep 12 11:47:40 2026] [::1]:57514 Closing
[Sat Sep 12 11:48:12 2026] [::1]:58490 Accepted
[Sat Sep 12 11:48:13 2026] [::1]:58490 [200]: GET /index.php
[Sat Sep 12 11:48:13 2026] [::1]:58490 Closing
[Sat Sep 12 11:48:13 2026] [::1]:60823 Accepted
[Sat Sep 12 11:48:13 2026] [::1]:52159 Accepted
[Sat Sep 12 11:48:13 2026] [::1]:60823 [200]: GET /assets/css/style.css?v=5
[Sat Sep 12 11:48:13 2026] [::1]:64250 Accepted
[Sat Sep 12 11:48:13 2026] [::1]:52159 [200]: GET /assets/images/logo.svg
[Sat Sep 12 11:48:13 2026] [::1]:64250 [200]: GET /uploads/covers/cover_1789054153_2d1533d2.png
[Sat Sep 12 11:48:13 2026] [::1]:60823 Closing
[Sat Sep 12 11:48:13 2026] [::1]:52159 Closing
[Sat Sep 12 11:48:13 2026] [::1]:64671 Accepted
[Sat Sep 12 11:48:13 2026] [::1]:64671 [404]: GET /.well-known/appspecific/com.chrome.devtools.json - No such file or directory
[Sat Sep 12 11:48:13 2026] [::1]:64671 Closing
[Sat Sep 12 11:48:13 2026] [::1]:53645 Accepted
[Sat Sep 12 11:48:13 2026] [::1]:53645 [200]: GET /assets/js/main.js?v=2
[Sat Sep 12 11:48:13 2026] [::1]:53645 Closing
[Sat Sep 12 11:48:13 2026] [::1]:64250 Closing
[Sat Sep 12 11:48:21 2026] [::1]:50172 Accepted
[Sat Sep 12 11:48:21 2026] [::1]:50172 [200]: GET /sales.php?book_id=5
[Sat Sep 12 11:48:21 2026] [::1]:50172 Closing
[Sat Sep 12 11:48:21 2026] [::1]:55160 Accepted
[Sat Sep 12 11:48:21 2026] [::1]:55160 [200]: GET /assets/css/style.css?v=5
[Sat Sep 12 11:48:21 2026] [::1]:50173 Accepted
[Sat Sep 12 11:48:21 2026] [::1]:50333 Accepted
[Sat Sep 12 11:48:21 2026] [::1]:55160 Closing
[Sat Sep 12 11:48:21 2026] [::1]:50173 [200]: GET /assets/images/logo.svg
[Sat Sep 12 11:48:21 2026] [::1]:50333 [200]: GET /assets/img/momo.png
[Sat Sep 12 11:48:21 2026] [::1]:50173 Closing
[Sat Sep 12 11:48:21 2026] [::1]:50333 Closing
[Sat Sep 12 11:48:21 2026] [::1]:59961 Accepted
[Sat Sep 12 11:48:21 2026] [::1]:59961 [404]: GET /.well-known/appspecific/com.chrome.devtools.json - No such file or directory
[Sat Sep 12 11:48:21 2026] [::1]:59961 Closing
[Sat Sep 12 11:48:22 2026] [::1]:65157 Accepted
[Sat Sep 12 11:48:22 2026] [::1]:65157 [200]: GET /assets/js/main.js?v=2
[Sat Sep 12 11:48:22 2026] [::1]:65157 Closing
[Sat Sep 12 11:48:57 2026] [::1]:65074 Accepted
[Sat Sep 12 11:48:57 2026] [::1]:65074 [200]: GET /index.php
[Sat Sep 12 11:48:57 2026] [::1]:65074 Closing
[Sat Sep 12 11:48:57 2026] [::1]:61652 Accepted
[Sat Sep 12 11:48:57 2026] [::1]:61652 [200]: GET /assets/css/style.css?v=5
[Sat Sep 12 11:48:57 2026] [::1]:56208 Accepted
[Sat Sep 12 11:48:57 2026] [::1]:51535 Accepted
[Sat Sep 12 11:48:57 2026] [::1]:61652 Closing
[Sat Sep 12 11:48:57 2026] [::1]:56208 [200]: GET /assets/images/logo.svg
[Sat Sep 12 11:48:57 2026] [::1]:51535 [200]: GET /uploads/covers/cover_1789054153_2d1533d2.png
[Sat Sep 12 11:48:57 2026] [::1]:56208 Closing
[Sat Sep 12 11:48:57 2026] [::1]:51535 Closing
[Sat Sep 12 11:48:57 2026] [::1]:59776 Accepted
[Sat Sep 12 11:48:57 2026] [::1]:59776 [200]: GET /assets/js/main.js?v=2
[Sat Sep 12 11:48:57 2026] [::1]:59776 Closing
[Sat Sep 12 11:48:57 2026] [::1]:53677 Accepted
[Sat Sep 12 11:48:57 2026] [::1]:53677 [404]: GET /.well-known/appspecific/com.chrome.devtools.json - No such file or directory
[Sat Sep 12 11:48:57 2026] [::1]:53677 Closing
[Sat Sep 12 12:03:18 2026] [::1]:61824 Accepted
[Sat Sep 12 12:03:18 2026] [::1]:61824 [200]: GET /books.php?subject_id=1
[Sat Sep 12 12:03:18 2026] [::1]:61824 Closing
[Sat Sep 12 12:04:08 2026] [::1]:50620 Accepted
[Sat Sep 12 12:04:09 2026] [::1]:50620 [200]: GET /index.php
[Sat Sep 12 12:04:09 2026] [::1]:50620 Closing
[Sat Sep 12 12:04:09 2026] [::1]:52440 Accepted
[Sat Sep 12 12:04:09 2026] [::1]:61132 Accepted
[Sat Sep 12 12:04:09 2026] [::1]:52440 [200]: GET /assets/css/style.css?v=5
[Sat Sep 12 12:04:09 2026] [::1]:49862 Accepted
[Sat Sep 12 12:04:09 2026] [::1]:61132 [200]: GET /assets/images/logo.svg
[Sat Sep 12 12:04:09 2026] [::1]:64631 Accepted
[Sat Sep 12 12:04:09 2026] [::1]:49862 [200]: GET /uploads/covers/cover_1789054153_2d1533d2.png
[Sat Sep 12 12:04:09 2026] [::1]:64631 [200]: GET /assets/js/main.js?v=2
[Sat Sep 12 12:04:09 2026] [::1]:52440 Closing
[Sat Sep 12 12:04:09 2026] [::1]:61132 Closing
[Sat Sep 12 12:04:09 2026] [::1]:64631 Closing
[Sat Sep 12 12:04:09 2026] [::1]:49862 Closing
[Sat Sep 12 12:04:09 2026] [::1]:55902 Accepted
[Sat Sep 12 12:04:09 2026] [::1]:55902 [200]: GET /assets/images/logo-icon.svg
[Sat Sep 12 12:04:09 2026] [::1]:55902 Closing
[Sat Sep 12 12:04:10 2026] [::1]:61432 Accepted
[Sat Sep 12 12:04:10 2026] [::1]:61432 [200]: GET /sales.php?book_id=1
[Sat Sep 12 12:04:10 2026] [::1]:61432 Closing
[Sat Sep 12 12:04:10 2026] [::1]:62737 Accepted
[Sat Sep 12 12:04:10 2026] [::1]:61404 Accepted
[Sat Sep 12 12:04:10 2026] [::1]:62737 [200]: GET /assets/css/style.css?v=5
[Sat Sep 12 12:04:10 2026] [::1]:61404 [200]: GET /assets/images/logo.svg
[Sat Sep 12 12:04:10 2026] [::1]:62737 Closing
[Sat Sep 12 12:04:10 2026] [::1]:61404 Closing
[Sat Sep 12 12:04:10 2026] [::1]:61428 Accepted
[Sat Sep 12 12:04:10 2026] [::1]:49188 Accepted
[Sat Sep 12 12:04:10 2026] [::1]:61428 [200]: GET /uploads/covers/cover_1789054153_2d1533d2.png
[Sat Sep 12 12:04:10 2026] [::1]:49188 [200]: GET /assets/img/momo.png
[Sat Sep 12 12:04:10 2026] [::1]:49188 Closing
[Sat Sep 12 12:04:10 2026] [::1]:56964 Accepted
[Sat Sep 12 12:04:10 2026] [::1]:56964 [200]: GET /assets/js/main.js?v=2
[Sat Sep 12 12:04:10 2026] [::1]:56964 Closing
[Sat Sep 12 12:04:10 2026] [::1]:61428 Closing
[Sat Sep 12 12:04:15 2026] [::1]:50717 Accepted
[Sat Sep 12 12:04:15 2026] [::1]:50717 [200]: GET /books.php?subject_id=1
[Sat Sep 12 12:04:15 2026] [::1]:50717 Closing
[Sat Sep 12 12:04:52 2026] [::1]:58372 Accepted
[Sat Sep 12 12:04:52 2026] [::1]:58372 [200]: GET /sales.php?book_id=1
[Sat Sep 12 12:04:52 2026] [::1]:58372 Closing
[Sat Sep 12 12:04:52 2026] [::1]:53055 Accepted
[Sat Sep 12 12:04:52 2026] [::1]:62917 Accepted
[Sat Sep 12 12:04:52 2026] [::1]:53055 [200]: GET /assets/css/style.css?v=5
[Sat Sep 12 12:04:52 2026] [::1]:56558 Accepted
[Sat Sep 12 12:04:52 2026] [::1]:62917 [200]: GET /assets/images/logo.svg
[Sat Sep 12 12:04:52 2026] [::1]:58032 Accepted
[Sat Sep 12 12:04:52 2026] [::1]:56558 [200]: GET /uploads/covers/cover_1789054153_2d1533d2.png
[Sat Sep 12 12:04:52 2026] [::1]:58032 [200]: GET /assets/img/momo.png
[Sat Sep 12 12:04:52 2026] [::1]:53055 Closing
[Sat Sep 12 12:04:52 2026] [::1]:62917 Closing
[Sat Sep 12 12:04:52 2026] [::1]:58032 Closing
[Sat Sep 12 12:04:52 2026] [::1]:52561 Accepted
[Sat Sep 12 12:04:52 2026] [::1]:52561 [200]: GET /assets/js/main.js?v=2
[Sat Sep 12 12:04:52 2026] [::1]:52561 Closing
[Sat Sep 12 12:04:52 2026] [::1]:56558 Closing
[Sat Sep 12 12:04:52 2026] [::1]:65179 Accepted
[Sat Sep 12 12:04:52 2026] [::1]:65179 [200]: GET /assets/images/logo-icon.svg
[Sat Sep 12 12:04:52 2026] [::1]:65179 Closing
[Sat Sep 12 12:04:54 2026] [::1]:56365 Accepted
[Sat Sep 12 12:04:54 2026] [::1]:56365 [200]: GET /sales.php?book_id=1
[Sat Sep 12 12:04:54 2026] [::1]:56365 Closing
[Sat Sep 12 12:04:54 2026] [::1]:50470 Accepted
[Sat Sep 12 12:04:54 2026] [::1]:50656 Accepted
[Sat Sep 12 12:04:54 2026] [::1]:50470 [200]: GET /assets/css/style.css?v=5
[Sat Sep 12 12:04:54 2026] [::1]:60859 Accepted
[Sat Sep 12 12:04:54 2026] [::1]:50656 [200]: GET /assets/images/logo.svg
[Sat Sep 12 12:04:54 2026] [::1]:60859 [200]: GET /uploads/covers/cover_1789054153_2d1533d2.png
[Sat Sep 12 12:04:54 2026] [::1]:50470 Closing
[Sat Sep 12 12:04:54 2026] [::1]:50656 Closing
[Sat Sep 12 12:04:54 2026] [::1]:58037 Accepted
[Sat Sep 12 12:04:54 2026] [::1]:58037 [200]: GET /assets/img/momo.png
[Sat Sep 12 12:04:54 2026] [::1]:58037 Closing
[Sat Sep 12 12:04:54 2026] [::1]:60859 Closing
[Sat Sep 12 12:04:55 2026] [::1]:56162 Accepted
[Sat Sep 12 12:04:55 2026] [::1]:56162 [200]: GET /assets/js/main.js?v=2
[Sat Sep 12 12:04:55 2026] [::1]:56162 Closing
[Sat Sep 12 12:04:55 2026] [::1]:60588 Accepted
[Sat Sep 12 12:04:55 2026] [::1]:60588 [200]: GET /assets/images/logo-icon.svg
[Sat Sep 12 12:04:55 2026] [::1]:60588 Closing
[Sat Sep 12 12:05:25 2026] [::1]:64412 Accepted
[Sat Sep 12 12:05:25 2026] [::1]:64412 [302]: GET /sales.php?book_id=1
[Sat Sep 12 12:05:25 2026] [::1]:64412 Closing
[Sat Sep 12 12:05:38 2026] [::1]:56303 Accepted
[Sat Sep 12 12:05:38 2026] [::1]:56303 [200]: GET /login.php
[Sat Sep 12 12:05:38 2026] [::1]:56303 Closing
[Sat Sep 12 12:05:38 2026] [::1]:56305 Accepted
[Sat Sep 12 12:05:38 2026] [::1]:56305 [200]: POST /lead-capture.php
[Sat Sep 12 12:05:38 2026] [::1]:56305 Closing
[Sat Sep 12 12:05:38 2026] [::1]:56307 Accepted
[Sat Sep 12 12:05:38 2026] [::1]:56307 [302]: GET /sales.php?book_id=1
[Sat Sep 12 12:05:38 2026] [::1]:56307 Closing
[Sat Sep 12 12:05:56 2026] [::1]:59257 Accepted
[Sat Sep 12 12:05:56 2026] [::1]:59257 [200]: GET /login.php
[Sat Sep 12 12:05:56 2026] [::1]:59257 Closing
[Sat Sep 12 12:05:56 2026] [::1]:59260 Accepted
[Sat Sep 12 12:05:56 2026] [::1]:59260 [302]: POST /lead-capture.php
[Sat Sep 12 12:05:56 2026] [::1]:59260 Closing
[Sat Sep 12 12:05:56 2026] [::1]:59262 Accepted
[Sat Sep 12 12:05:56 2026] [::1]:59262 [200]: GET /sales.php?book_id=1
[Sat Sep 12 12:05:56 2026] [::1]:59262 Closing
[Sat Sep 12 12:07:14 2026] [::1]:60765 Accepted
[Sat Sep 12 12:07:15 2026] [::1]:60765 [200]: GET /sales.php?book_id=1
[Sat Sep 12 12:07:15 2026] [::1]:60765 Closing
[Sat Sep 12 12:10:43 2026] [::1]:51893 Accepted
[Sat Sep 12 12:10:43 2026] [::1]:51893 [200]: GET /admin/login.php
[Sat Sep 12 12:10:43 2026] [::1]:51893 Closing
[Sat Sep 12 12:10:43 2026] [::1]:51895 Accepted
[Sat Sep 12 12:10:44 2026] [::1]:51895 [302]: POST /admin/login.php
[Sat Sep 12 12:10:44 2026] [::1]:51895 Closing
[Sat Sep 12 12:10:44 2026] [::1]:51897 Accepted
[Sat Sep 12 12:10:44 2026] [::1]:51897 [200]: GET /admin/reviews.php
[Sat Sep 12 12:10:44 2026] [::1]:51897 Closing
[Sat Sep 12 12:11:07 2026] [::1]:59409 Accepted
[Sat Sep 12 12:11:07 2026] [::1]:59409 [200]: GET /sales.php?book_id=1
[Sat Sep 12 12:11:07 2026] [::1]:59409 Closing
[Sat Sep 12 12:11:07 2026] [::1]:54063 Accepted
[Sat Sep 12 12:11:07 2026] [::1]:65394 Accepted
[Sat Sep 12 12:11:07 2026] [::1]:54063 [200]: GET /assets/css/style.css?v=5
[Sat Sep 12 12:11:07 2026] [::1]:65394 [200]: GET /assets/images/logo.svg
[Sat Sep 12 12:11:07 2026] [::1]:54063 Closing
[Sat Sep 12 12:11:07 2026] [::1]:65394 Closing
[Sat Sep 12 12:11:07 2026] [::1]:56355 Accepted
[Sat Sep 12 12:11:07 2026] [::1]:56355 [200]: GET /uploads/covers/cover_1789054153_2d1533d2.png
[Sat Sep 12 12:11:07 2026] [::1]:53769 Accepted
[Sat Sep 12 12:11:07 2026] [::1]:53769 [200]: GET /assets/img/momo.png
[Sat Sep 12 12:11:07 2026] [::1]:53769 Closing
[Sat Sep 12 12:11:07 2026] [::1]:56355 Closing
[Sat Sep 12 12:11:07 2026] [::1]:57023 Accepted
[Sat Sep 12 12:11:07 2026] [::1]:57023 [200]: GET /assets/js/main.js?v=2
[Sat Sep 12 12:11:07 2026] [::1]:57023 Closing
[Sat Sep 12 12:11:08 2026] [::1]:50132 Accepted
[Sat Sep 12 12:11:08 2026] [::1]:50132 [200]: GET /assets/images/logo-icon.svg
[Sat Sep 12 12:11:08 2026] [::1]:50132 Closing
[Sat Sep 12 12:11:23 2026] [::1]:61417 Accepted
[Sat Sep 12 12:11:23 2026] [::1]:61417 [200]: GET /account.php
[Sat Sep 12 12:11:23 2026] [::1]:61417 Closing
[Sat Sep 12 12:11:23 2026] [::1]:59064 Accepted
[Sat Sep 12 12:11:23 2026] [::1]:52578 Accepted
[Sat Sep 12 12:11:23 2026] [::1]:59064 [200]: GET /assets/css/style.css?v=5
[Sat Sep 12 12:11:23 2026] [::1]:62961 Accepted
[Sat Sep 12 12:11:23 2026] [::1]:52578 [200]: GET /assets/images/logo.svg
[Sat Sep 12 12:11:23 2026] [::1]:62300 Accepted
[Sat Sep 12 12:11:23 2026] [::1]:62961 [200]: GET /uploads/covers/cover_1789054153_2d1533d2.png
[Sat Sep 12 12:11:23 2026] [::1]:62300 [200]: GET /assets/js/main.js?v=2
[Sat Sep 12 12:11:23 2026] [::1]:59064 Closing
[Sat Sep 12 12:11:23 2026] [::1]:52578 Closing
[Sat Sep 12 12:11:23 2026] [::1]:62300 Closing
[Sat Sep 12 12:11:23 2026] [::1]:62961 Closing
[Sat Sep 12 12:11:32 2026] [::1]:56375 Accepted
[Sat Sep 12 12:11:32 2026] [::1]:56375 [200]: GET /assets/css/style.css?v=5
[Sat Sep 12 12:11:32 2026] [::1]:56375 Closing
[Sat Sep 12 12:11:32 2026] [::1]:63130 Accepted
[Sat Sep 12 12:11:32 2026] [::1]:63130 [404]: GET /.well-known/appspecific/com.chrome.devtools.json - No such file or directory
[Sat Sep 12 12:11:32 2026] [::1]:63130 Closing
[Sat Sep 12 12:12:05 2026] [::1]:56865 Accepted
[Sat Sep 12 12:12:06 2026] [::1]:56865 [200]: GET /write-review.php?book_id=8&order_id=2
[Sat Sep 12 12:12:06 2026] [::1]:56865 Closing
[Sat Sep 12 12:12:06 2026] [::1]:54319 Accepted
[Sat Sep 12 12:12:06 2026] [::1]:64229 Accepted
[Sat Sep 12 12:12:06 2026] [::1]:54319 [200]: GET /assets/css/style.css?v=5
[Sat Sep 12 12:12:06 2026] [::1]:64229 [200]: GET /assets/images/logo.svg
[Sat Sep 12 12:12:06 2026] [::1]:54319 Closing
[Sat Sep 12 12:12:06 2026] [::1]:64229 Closing
[Sat Sep 12 12:12:06 2026] [::1]:63186 Accepted
[Sat Sep 12 12:12:06 2026] [::1]:63186 [200]: GET /assets/js/main.js?v=2
[Sat Sep 12 12:12:06 2026] [::1]:63186 Closing
[Sat Sep 12 12:12:18 2026] [::1]:58802 Accepted
[Sat Sep 12 12:12:19 2026] [::1]:58802 [200]: GET /index.php
[Sat Sep 12 12:12:19 2026] [::1]:58802 Closing
[Sat Sep 12 12:12:19 2026] [::1]:65455 Accepted
[Sat Sep 12 12:12:19 2026] [::1]:57177 Accepted
[Sat Sep 12 12:12:19 2026] [::1]:65455 [200]: GET /assets/css/style.css?v=5
[Sat Sep 12 12:12:19 2026] [::1]:57177 [200]: GET /assets/images/logo.svg
[Sat Sep 12 12:12:19 2026] [::1]:65455 Closing
[Sat Sep 12 12:12:19 2026] [::1]:57177 Closing
[Sat Sep 12 12:12:19 2026] [::1]:63136 Accepted
[Sat Sep 12 12:12:19 2026] [::1]:63136 [200]: GET /uploads/covers/cover_1789054153_2d1533d2.png
[Sat Sep 12 12:12:19 2026] [::1]:55906 Accepted
[Sat Sep 12 12:12:19 2026] [::1]:55906 [200]: GET /assets/js/main.js?v=2
[Sat Sep 12 12:12:19 2026] [::1]:55906 Closing
[Sat Sep 12 12:12:19 2026] [::1]:63136 Closing
[Sat Sep 12 12:12:37 2026] [::1]:58742 Accepted
[Sat Sep 12 12:12:37 2026] [::1]:58742 [200]: GET /sales.php?book_id=1
[Sat Sep 12 12:12:37 2026] [::1]:58742 Closing
[Sat Sep 12 12:12:37 2026] [::1]:51656 Accepted
[Sat Sep 12 12:12:37 2026] [::1]:63973 Accepted
[Sat Sep 12 12:12:37 2026] [::1]:51656 [200]: GET /assets/css/style.css?v=6
[Sat Sep 12 12:12:37 2026] [::1]:58010 Accepted
[Sat Sep 12 12:12:37 2026] [::1]:63973 [200]: GET /assets/images/logo.svg
[Sat Sep 12 12:12:37 2026] [::1]:52956 Accepted
[Sat Sep 12 12:12:37 2026] [::1]:58010 [200]: GET /uploads/covers/cover_1789054153_2d1533d2.png
[Sat Sep 12 12:12:37 2026] [::1]:52956 [200]: GET /assets/img/momo.png
[Sat Sep 12 12:12:37 2026] [::1]:51656 Closing
[Sat Sep 12 12:12:37 2026] [::1]:63973 Closing
[Sat Sep 12 12:12:37 2026] [::1]:52956 Closing
[Sat Sep 12 12:12:37 2026] [::1]:51975 Accepted
[Sat Sep 12 12:12:37 2026] [::1]:58010 Closing
[Sat Sep 12 12:12:37 2026] [::1]:51975 [200]: GET /assets/js/main.js?v=2
[Sat Sep 12 12:12:37 2026] [::1]:51975 Closing
[Sat Sep 12 12:13:01 2026] [::1]:59993 Accepted
[Sat Sep 12 12:13:02 2026] [::1]:59993 [200]: GET /account.php
[Sat Sep 12 12:13:02 2026] [::1]:59993 Closing
[Sat Sep 12 12:13:02 2026] [::1]:52555 Accepted
[Sat Sep 12 12:13:02 2026] [::1]:49320 Accepted
[Sat Sep 12 12:13:02 2026] [::1]:52555 [200]: GET /assets/css/style.css?v=6
[Sat Sep 12 12:13:02 2026] [::1]:63384 Accepted
[Sat Sep 12 12:13:02 2026] [::1]:49320 [200]: GET /assets/images/logo.svg
[Sat Sep 12 12:13:02 2026] [::1]:63384 [200]: GET /uploads/covers/cover_1789054153_2d1533d2.png
[Sat Sep 12 12:13:02 2026] [::1]:52555 Closing
[Sat Sep 12 12:13:02 2026] [::1]:49320 Closing
[Sat Sep 12 12:13:02 2026] [::1]:52931 Accepted
[Sat Sep 12 12:13:02 2026] [::1]:52931 [200]: GET /assets/js/main.js?v=2
[Sat Sep 12 12:13:02 2026] [::1]:52931 Closing
[Sat Sep 12 12:13:02 2026] [::1]:63384 Closing
[Sat Sep 12 12:13:05 2026] [::1]:54391 Accepted
[Sat Sep 12 12:13:05 2026] [::1]:54391 [200]: GET /write-review.php?book_id=8&order_id=3
[Sat Sep 12 12:13:05 2026] [::1]:54391 Closing
[Sat Sep 12 12:13:05 2026] [::1]:65451 Accepted
[Sat Sep 12 12:13:05 2026] [::1]:60627 Accepted
[Sat Sep 12 12:13:05 2026] [::1]:65451 [200]: GET /assets/css/style.css?v=6
[Sat Sep 12 12:13:05 2026] [::1]:60627 [200]: GET /assets/images/logo.svg
[Sat Sep 12 12:13:05 2026] [::1]:65451 Closing
[Sat Sep 12 12:13:05 2026] [::1]:60627 Closing
[Sat Sep 12 12:13:05 2026] [::1]:53002 Accepted
[Sat Sep 12 12:13:05 2026] [::1]:53002 [200]: GET /assets/js/main.js?v=2
[Sat Sep 12 12:13:05 2026] [::1]:53002 Closing
[Sat Sep 12 12:13:14 2026] [::1]:59316 Accepted
[Sat Sep 12 12:13:21 2026] [::1]:59316 [200]: GET /write-review.php?book_id=1&order_id=2
[Sat Sep 12 12:13:21 2026] [::1]:59316 Closing
[Sat Sep 12 12:13:21 2026] [::1]:57924 Accepted
[Sat Sep 12 12:13:21 2026] [::1]:64870 Accepted
[Sat Sep 12 12:13:21 2026] [::1]:57924 [200]: GET /assets/css/style.css?v=6
[Sat Sep 12 12:13:21 2026] [::1]:54753 Accepted
[Sat Sep 12 12:13:21 2026] [::1]:64870 [200]: GET /assets/images/logo.svg
[Sat Sep 12 12:13:21 2026] [::1]:54753 [200]: GET /uploads/covers/cover_1789054153_2d1533d2.png
[Sat Sep 12 12:13:21 2026] [::1]:57924 Closing
[Sat Sep 12 12:13:21 2026] [::1]:64870 Closing
[Sat Sep 12 12:13:21 2026] [::1]:59551 Accepted
[Sat Sep 12 12:13:21 2026] [::1]:59551 [200]: GET /assets/js/main.js?v=2
[Sat Sep 12 12:13:21 2026] [::1]:59551 Closing
[Sat Sep 12 12:13:21 2026] [::1]:54753 Closing
[Sat Sep 12 12:13:52 2026] [::1]:64213 Accepted
[Sat Sep 12 12:13:52 2026] [::1]:64213 [302]: POST /write-review.php?book_id=1&order_id=2
[Sat Sep 12 12:13:52 2026] [::1]:64213 Closing
[Sat Sep 12 12:13:52 2026] [::1]:54532 Accepted
[Sat Sep 12 12:13:52 2026] [::1]:54532 [200]: GET /account.php?review=submitted
[Sat Sep 12 12:13:52 2026] [::1]:54532 Closing
[Sat Sep 12 12:13:52 2026] [::1]:55150 Accepted
[Sat Sep 12 12:13:52 2026] [::1]:53878 Accepted
[Sat Sep 12 12:13:52 2026] [::1]:55150 [200]: GET /assets/css/style.css?v=6
[Sat Sep 12 12:13:52 2026] [::1]:65474 Accepted
[Sat Sep 12 12:13:52 2026] [::1]:53878 [200]: GET /assets/images/logo.svg
[Sat Sep 12 12:13:52 2026] [::1]:65474 [200]: GET /uploads/covers/cover_1789054153_2d1533d2.png
[Sat Sep 12 12:13:52 2026] [::1]:55150 Closing
[Sat Sep 12 12:13:52 2026] [::1]:53878 Closing
[Sat Sep 12 12:13:52 2026] [::1]:58668 Accepted
[Sat Sep 12 12:13:52 2026] [::1]:58668 [200]: GET /assets/js/main.js?v=2
[Sat Sep 12 12:13:52 2026] [::1]:58668 Closing
[Sat Sep 12 12:13:52 2026] [::1]:65474 Closing
[Sat Sep 12 12:14:32 2026] [::1]:54105 Accepted
[Sat Sep 12 12:14:32 2026] [::1]:54105 [200]: GET /admin/products.php
[Sat Sep 12 12:14:32 2026] [::1]:54105 Closing
[Sat Sep 12 12:14:32 2026] [::1]:61643 Accepted
[Sat Sep 12 12:14:32 2026] [::1]:61643 [200]: GET /assets/css/style.css?v=6
[Sat Sep 12 12:14:32 2026] [::1]:61643 Closing
[Sat Sep 12 12:14:32 2026] [::1]:50320 Accepted
[Sat Sep 12 12:14:32 2026] [::1]:50320 [200]: GET /uploads/covers/cover_1789054153_2d1533d2.png
[Sat Sep 12 12:14:32 2026] [::1]:50320 Closing
[Sat Sep 12 12:14:33 2026] [::1]:60813 Accepted
[Sat Sep 12 12:14:34 2026] [::1]:60813 [200]: GET /admin/reviews.php
[Sat Sep 12 12:14:34 2026] [::1]:60813 Closing
[Sat Sep 12 12:14:34 2026] [::1]:64082 Accepted
[Sat Sep 12 12:14:34 2026] [::1]:64082 [200]: GET /assets/css/style.css?v=6
[Sat Sep 12 12:14:34 2026] [::1]:64082 Closing
[Sat Sep 12 12:14:37 2026] [::1]:62876 Accepted
[Sat Sep 12 12:14:37 2026] [::1]:62876 [302]: POST /admin/reviews.php
[Sat Sep 12 12:14:37 2026] [::1]:62876 Closing
[Sat Sep 12 12:14:37 2026] [::1]:59249 Accepted
[Sat Sep 12 12:14:38 2026] [::1]:59249 [200]: GET /admin/reviews.php
[Sat Sep 12 12:14:38 2026] [::1]:59249 Closing
[Sat Sep 12 12:14:38 2026] [::1]:54675 Accepted
[Sat Sep 12 12:14:38 2026] [::1]:54675 [200]: GET /assets/css/style.css?v=6
[Sat Sep 12 12:14:38 2026] [::1]:54675 Closing
[Sat Sep 12 12:14:47 2026] [::1]:61450 Accepted
[Sat Sep 12 12:14:47 2026] [::1]:61450 [200]: GET /index.php
[Sat Sep 12 12:14:47 2026] [::1]:61450 Closing
[Sat Sep 12 12:14:47 2026] [::1]:49271 Accepted
[Sat Sep 12 12:14:47 2026] [::1]:50330 Accepted
[Sat Sep 12 12:14:47 2026] [::1]:49271 [200]: GET /assets/css/style.css?v=6
[Sat Sep 12 12:14:47 2026] [::1]:56706 Accepted
[Sat Sep 12 12:14:47 2026] [::1]:50330 [200]: GET /assets/images/logo.svg
[Sat Sep 12 12:14:47 2026] [::1]:56706 [200]: GET /uploads/covers/cover_1789054153_2d1533d2.png
[Sat Sep 12 12:14:47 2026] [::1]:49271 Closing
[Sat Sep 12 12:14:47 2026] [::1]:50330 Closing
[Sat Sep 12 12:14:47 2026] [::1]:51987 Accepted
[Sat Sep 12 12:14:47 2026] [::1]:51987 [200]: GET /assets/js/main.js?v=2
[Sat Sep 12 12:14:47 2026] [::1]:51987 Closing
[Sat Sep 12 12:14:47 2026] [::1]:56706 Closing
[Sat Sep 12 12:14:54 2026] [::1]:55502 Accepted
[Sat Sep 12 12:14:55 2026] [::1]:55502 [200]: GET /sales.php?book_id=1
[Sat Sep 12 12:14:55 2026] [::1]:55502 Closing
[Sat Sep 12 12:14:55 2026] [::1]:63979 Accepted
[Sat Sep 12 12:14:55 2026] [::1]:64646 Accepted
[Sat Sep 12 12:14:55 2026] [::1]:63979 [200]: GET /assets/css/style.css?v=6
[Sat Sep 12 12:14:55 2026] [::1]:62334 Accepted
[Sat Sep 12 12:14:55 2026] [::1]:64646 [200]: GET /assets/images/logo.svg
[Sat Sep 12 12:14:55 2026] [::1]:64325 Accepted
[Sat Sep 12 12:14:55 2026] [::1]:62334 [200]: GET /uploads/covers/cover_1789054153_2d1533d2.png
[Sat Sep 12 12:14:55 2026] [::1]:64325 [200]: GET /assets/img/momo.png
[Sat Sep 12 12:14:55 2026] [::1]:63979 Closing
[Sat Sep 12 12:14:55 2026] [::1]:64646 Closing
[Sat Sep 12 12:14:55 2026] [::1]:64325 Closing
[Sat Sep 12 12:14:55 2026] [::1]:50080 Accepted
[Sat Sep 12 12:14:55 2026] [::1]:50080 [200]: GET /assets/js/main.js?v=2
[Sat Sep 12 12:14:55 2026] [::1]:50080 Closing
[Sat Sep 12 12:14:55 2026] [::1]:62334 Closing
[Sat Sep 12 12:15:13 2026] [::1]:61793 Accepted
[Sat Sep 12 12:15:13 2026] [::1]:61793 [200]: POST /upsell1.php
[Sat Sep 12 12:15:13 2026] [::1]:61793 Closing
[Sat Sep 12 12:15:13 2026] [::1]:50525 Accepted
[Sat Sep 12 12:15:13 2026] [::1]:64084 Accepted
[Sat Sep 12 12:15:13 2026] [::1]:50525 [200]: GET /assets/css/style.css?v=6
[Sat Sep 12 12:15:13 2026] [::1]:64084 [200]: GET /assets/images/logo.svg
[Sat Sep 12 12:15:13 2026] [::1]:50525 Closing
[Sat Sep 12 12:15:13 2026] [::1]:64084 Closing
[Sat Sep 12 12:15:13 2026] [::1]:60147 Accepted
[Sat Sep 12 12:15:13 2026] [::1]:60147 [200]: GET /assets/js/main.js?v=2
[Sat Sep 12 12:15:13 2026] [::1]:60147 Closing
[Sat Sep 12 12:15:17 2026] [::1]:56655 Accepted
[Sat Sep 12 12:15:31 2026] [::1]:56655 [200]: GET /assets/css/style.css?v=6
[Sat Sep 12 12:15:31 2026] [::1]:56655 Closing
[Sat Sep 12 12:15:31 2026] [::1]:50412 Accepted
[Sat Sep 12 12:15:31 2026] [::1]:50412 [404]: GET /.well-known/appspecific/com.chrome.devtools.json - No such file or directory
[Sat Sep 12 12:15:31 2026] [::1]:50412 Closing
[Sat Sep 12 12:15:43 2026] [::1]:63337 Accepted
[Sat Sep 12 12:15:44 2026] [::1]:63337 [200]: GET /index.php
[Sat Sep 12 12:15:44 2026] [::1]:63337 Closing
[Sat Sep 12 12:15:44 2026] [::1]:53585 Accepted
[Sat Sep 12 12:15:44 2026] [::1]:55347 Accepted
[Sat Sep 12 12:15:44 2026] [::1]:53585 [200]: GET /assets/css/style.css?v=6
[Sat Sep 12 12:15:44 2026] [::1]:55347 [200]: GET /assets/images/logo.svg
[Sat Sep 12 12:15:44 2026] [::1]:53585 Closing
[Sat Sep 12 12:15:44 2026] [::1]:55347 Closing
[Sat Sep 12 12:15:44 2026] [::1]:60505 Accepted
[Sat Sep 12 12:15:44 2026] [::1]:58343 Accepted
[Sat Sep 12 12:15:44 2026] [::1]:60505 [200]: GET /assets/js/main.js?v=2
[Sat Sep 12 12:15:44 2026] [::1]:58343 [200]: GET /uploads/covers/cover_1789054153_2d1533d2.png
[Sat Sep 12 12:15:44 2026] [::1]:60505 Closing
[Sat Sep 12 12:15:44 2026] [::1]:58343 Closing
[Sat Sep 12 12:16:22 2026] [::1]:49296 Accepted
[Sat Sep 12 12:16:22 2026] [::1]:49296 [200]: GET /sales.php?book_id=2
[Sat Sep 12 12:16:22 2026] [::1]:49296 Closing
[Sat Sep 12 12:16:22 2026] [::1]:64764 Accepted
[Sat Sep 12 12:16:22 2026] [::1]:57685 Accepted
[Sat Sep 12 12:16:22 2026] [::1]:64764 [200]: GET /assets/css/style.css?v=6
[Sat Sep 12 12:16:22 2026] [::1]:54489 Accepted
[Sat Sep 12 12:16:22 2026] [::1]:57685 [200]: GET /assets/images/logo.svg
[Sat Sep 12 12:16:22 2026] [::1]:54489 [200]: GET /assets/img/momo.png
[Sat Sep 12 12:16:22 2026] [::1]:64764 Closing
[Sat Sep 12 12:16:22 2026] [::1]:57685 Closing
[Sat Sep 12 12:16:22 2026] [::1]:54489 Closing
[Sat Sep 12 12:16:22 2026] [::1]:58069 Accepted
[Sat Sep 12 12:16:22 2026] [::1]:58069 [200]: GET /assets/js/main.js?v=2
[Sat Sep 12 12:16:22 2026] [::1]:58069 Closing
[Sat Sep 12 12:16:31 2026] [::1]:58071 Accepted
[Sat Sep 12 12:16:32 2026] [::1]:58071 [200]: GET /index.php
[Sat Sep 12 12:16:32 2026] [::1]:58071 Closing
[Sat Sep 12 12:16:43 2026] [::1]:58747 Accepted
[Sat Sep 12 12:16:48 2026] [::1]:58747 [200]: GET /index.php
[Sat Sep 12 12:16:48 2026] [::1]:58747 Closing
[Sat Sep 12 12:16:48 2026] [::1]:51993 Accepted
[Sat Sep 12 12:16:48 2026] [::1]:63595 Accepted
[Sat Sep 12 12:16:48 2026] [::1]:51993 [200]: GET /assets/css/style.css?v=6
[Sat Sep 12 12:16:48 2026] [::1]:63595 [200]: GET /assets/images/logo.svg
[Sat Sep 12 12:16:48 2026] [::1]:51993 Closing
[Sat Sep 12 12:16:48 2026] [::1]:63595 Closing
[Sat Sep 12 12:16:48 2026] [::1]:53238 Accepted
[Sat Sep 12 12:16:48 2026] [::1]:54633 Accepted
[Sat Sep 12 12:16:48 2026] [::1]:53238 [200]: GET /assets/js/main.js?v=2
[Sat Sep 12 12:16:48 2026] [::1]:54633 [200]: GET /uploads/covers/cover_1789054153_2d1533d2.png
[Sat Sep 12 12:16:48 2026] [::1]:53238 Closing
[Sat Sep 12 12:16:48 2026] [::1]:54633 Closing
[Sat Sep 12 12:16:48 2026] [::1]:57230 Accepted
[Sat Sep 12 12:16:48 2026] [::1]:57230 [200]: GET /assets/images/logo-icon.svg
[Sat Sep 12 12:16:48 2026] [::1]:57230 Closing
[Sat Sep 12 12:17:52 2026] [::1]:63006 Accepted
[Sat Sep 12 12:17:52 2026] [::1]:63006 [200]: GET /assets/css/style.css?v=6
[Sat Sep 12 12:17:52 2026] [::1]:63006 Closing
[Sat Sep 12 12:17:52 2026] [::1]:53613 Accepted
[Sat Sep 12 12:17:52 2026] [::1]:53613 [404]: GET /.well-known/appspecific/com.chrome.devtools.json - No such file or directory
[Sat Sep 12 12:17:52 2026] [::1]:53613 Closing
[Sat Sep 12 12:25:23 2026] [::1]:58029 Accepted
[Sat Sep 12 12:25:24 2026] [::1]:58029 [200]: GET /index.php
[Sat Sep 12 12:25:24 2026] [::1]:58029 Closing
[Sat Sep 12 12:25:45 2026] [::1]:57031 Accepted
[Sat Sep 12 12:25:46 2026] [::1]:57031 [200]: GET /index.php
[Sat Sep 12 12:25:46 2026] [::1]:57031 Closing
[Sat Sep 12 12:25:46 2026] [::1]:53824 Accepted
[Sat Sep 12 12:25:46 2026] [::1]:59229 Accepted
[Sat Sep 12 12:25:46 2026] [::1]:53824 [200]: GET /assets/css/style.css?v=6
[Sat Sep 12 12:25:46 2026] [::1]:59229 [200]: GET /assets/images/logo.svg
[Sat Sep 12 12:25:46 2026] [::1]:53824 Closing
[Sat Sep 12 12:25:46 2026] [::1]:59229 Closing
[Sat Sep 12 12:25:46 2026] [::1]:49863 Accepted
[Sat Sep 12 12:25:46 2026] [::1]:57112 Accepted
[Sat Sep 12 12:25:46 2026] [::1]:49863 [200]: GET /assets/js/main.js?v=2
[Sat Sep 12 12:25:46 2026] [::1]:57112 [200]: GET /uploads/covers/cover_1789054153_2d1533d2.png
[Sat Sep 12 12:25:46 2026] [::1]:49863 Closing
[Sat Sep 12 12:25:46 2026] [::1]:57112 Closing
[Sat Sep 12 12:25:46 2026] [::1]:51261 Accepted
[Sat Sep 12 12:25:46 2026] [::1]:51261 [200]: GET /assets/images/logo-icon.svg
[Sat Sep 12 12:25:46 2026] [::1]:51261 Closing
[Sat Sep 12 12:25:52 2026] [::1]:49328 Accepted
[Sat Sep 12 12:25:52 2026] [::1]:49328 [200]: GET /sales.php?book_id=1
[Sat Sep 12 12:25:52 2026] [::1]:49328 Closing
[Sat Sep 12 12:25:52 2026] [::1]:54558 Accepted
[Sat Sep 12 12:25:52 2026] [::1]:59377 Accepted
[Sat Sep 12 12:25:52 2026] [::1]:54558 [200]: GET /assets/css/style.css?v=6
[Sat Sep 12 12:25:52 2026] [::1]:59981 Accepted
[Sat Sep 12 12:25:52 2026] [::1]:59377 [200]: GET /assets/images/logo.svg
[Sat Sep 12 12:25:52 2026] [::1]:63591 Accepted
[Sat Sep 12 12:25:52 2026] [::1]:59981 [200]: GET /uploads/covers/cover_1789054153_2d1533d2.png
[Sat Sep 12 12:25:52 2026] [::1]:63591 [200]: GET /assets/img/momo.png
[Sat Sep 12 12:25:52 2026] [::1]:54558 Closing
[Sat Sep 12 12:25:52 2026] [::1]:59377 Closing
[Sat Sep 12 12:25:52 2026] [::1]:63591 Closing
[Sat Sep 12 12:25:52 2026] [::1]:59981 Closing
[Sat Sep 12 12:25:52 2026] [::1]:50039 Accepted
[Sat Sep 12 12:25:52 2026] [::1]:50039 [200]: GET /assets/js/main.js?v=2
[Sat Sep 12 12:25:52 2026] [::1]:50039 Closing
[Sat Sep 12 12:26:21 2026] [::1]:54223 Accepted
[Sat Sep 12 12:26:21 2026] [::1]:54223 [200]: GET /sales.php?book_id=1
[Sat Sep 12 12:26:21 2026] [::1]:54223 Closing
[Sat Sep 12 12:26:21 2026] [::1]:63613 Accepted
[Sat Sep 12 12:26:21 2026] [::1]:53219 Accepted
[Sat Sep 12 12:26:21 2026] [::1]:63613 [200]: GET /assets/css/style.css?v=6
[Sat Sep 12 12:26:21 2026] [::1]:58478 Accepted
[Sat Sep 12 12:26:21 2026] [::1]:53219 [200]: GET /assets/images/logo.svg
[Sat Sep 12 12:26:21 2026] [::1]:53216 Accepted
[Sat Sep 12 12:26:21 2026] [::1]:58478 [200]: GET /uploads/covers/cover_1789054153_2d1533d2.png
[Sat Sep 12 12:26:21 2026] [::1]:53216 [200]: GET /assets/img/momo.png
[Sat Sep 12 12:26:21 2026] [::1]:63613 Closing
[Sat Sep 12 12:26:21 2026] [::1]:53219 Closing
[Sat Sep 12 12:26:21 2026] [::1]:53216 Closing
[Sat Sep 12 12:26:21 2026] [::1]:57385 Accepted
[Sat Sep 12 12:26:21 2026] [::1]:57385 [200]: GET /assets/js/main.js?v=2
[Sat Sep 12 12:26:21 2026] [::1]:57385 Closing
[Sat Sep 12 12:26:21 2026] [::1]:58478 Closing
[Sat Sep 12 12:26:21 2026] [::1]:52365 Accepted
[Sat Sep 12 12:26:21 2026] [::1]:52365 [200]: GET /assets/images/logo-icon.svg
[Sat Sep 12 12:26:21 2026] [::1]:52365 Closing
[Sat Sep 12 12:27:22 2026] [::1]:58167 Accepted
[Sat Sep 12 12:27:23 2026] [::1]:58167 [200]: GET /admin/settings.php
[Sat Sep 12 12:27:23 2026] [::1]:58167 Closing
[Sat Sep 12 12:28:32 2026] [::1]:52436 Accepted
[Sat Sep 12 12:28:32 2026] [::1]:52436 [200]: GET /admin/reviews.php
[Sat Sep 12 12:28:32 2026] [::1]:52436 Closing
[Sat Sep 12 12:28:32 2026] [::1]:57328 Accepted
[Sat Sep 12 12:28:32 2026] [::1]:57328 [200]: GET /assets/css/style.css?v=6
[Sat Sep 12 12:28:32 2026] [::1]:57328 Closing
[Sat Sep 12 12:28:33 2026] [::1]:59009 Accepted
[Sat Sep 12 12:28:34 2026] [::1]:59009 [200]: GET /admin/settings.php
[Sat Sep 12 12:28:34 2026] [::1]:59009 Closing
[Sat Sep 12 12:28:34 2026] [::1]:65533 Accepted
[Sat Sep 12 12:28:34 2026] [::1]:65533 [200]: GET /assets/css/style.css?v=6
[Sat Sep 12 12:28:34 2026] [::1]:65533 Closing
[Sat Sep 12 12:28:40 2026] [::1]:49152 Accepted
[Sat Sep 12 12:28:40 2026] [::1]:49152 [200]: GET /admin/settings.php
[Sat Sep 12 12:28:40 2026] [::1]:49152 Closing
[Sat Sep 12 12:29:23 2026] [::1]:57528 Accepted
[Sat Sep 12 12:29:23 2026] [::1]:57528 [302]: POST /admin/settings.php
[Sat Sep 12 12:29:23 2026] [::1]:57528 Closing
[Sat Sep 12 12:29:23 2026] [::1]:54478 Accepted
[Sat Sep 12 12:29:24 2026] [::1]:54478 [200]: GET /admin/settings.php
[Sat Sep 12 12:29:24 2026] [::1]:54478 Closing
[Sat Sep 12 12:29:24 2026] [::1]:61675 Accepted
[Sat Sep 12 12:29:24 2026] [::1]:61675 [200]: GET /assets/css/style.css?v=6
[Sat Sep 12 12:29:24 2026] [::1]:61675 Closing
[Sat Sep 12 12:29:35 2026] [::1]:64943 Accepted
[Sat Sep 12 12:29:36 2026] [::1]:64943 [200]: GET /sales.php?book_id=1
[Sat Sep 12 12:29:36 2026] [::1]:64943 Closing
[Sat Sep 12 12:29:36 2026] [::1]:62129 Accepted
[Sat Sep 12 12:29:36 2026] [::1]:58675 Accepted
[Sat Sep 12 12:29:36 2026] [::1]:62129 [200]: GET /assets/css/style.css?v=6
[Sat Sep 12 12:29:36 2026] [::1]:52727 Accepted
[Sat Sep 12 12:29:36 2026] [::1]:58675 [200]: GET /assets/images/logo.svg
[Sat Sep 12 12:29:36 2026] [::1]:58456 Accepted
[Sat Sep 12 12:29:36 2026] [::1]:52727 [200]: GET /uploads/covers/cover_1789054153_2d1533d2.png
[Sat Sep 12 12:29:36 2026] [::1]:58456 [200]: GET /assets/img/momo.png
[Sat Sep 12 12:29:36 2026] [::1]:62129 Closing
[Sat Sep 12 12:29:36 2026] [::1]:58675 Closing
[Sat Sep 12 12:29:36 2026] [::1]:58456 Closing
[Sat Sep 12 12:29:36 2026] [::1]:52727 Closing
[Sat Sep 12 12:29:36 2026] [::1]:52952 Accepted
[Sat Sep 12 12:29:36 2026] [::1]:52952 [200]: GET /assets/js/main.js?v=2
[Sat Sep 12 12:29:36 2026] [::1]:52952 Closing
[Sat Sep 12 12:29:36 2026] [::1]:55304 Accepted
[Sat Sep 12 12:29:36 2026] [::1]:55304 [200]: GET /assets/images/logo-icon.svg
[Sat Sep 12 12:29:36 2026] [::1]:55304 Closing
[Sat Sep 12 12:29:54 2026] [::1]:51401 Accepted
[Sat Sep 12 12:29:54 2026] [::1]:51401 [200]: GET /account.php
[Sat Sep 12 12:29:54 2026] [::1]:51401 Closing
[Sat Sep 12 12:29:54 2026] [::1]:50604 Accepted
[Sat Sep 12 12:29:54 2026] [::1]:49381 Accepted
[Sat Sep 12 12:29:54 2026] [::1]:50604 [200]: GET /assets/css/style.css?v=6
[Sat Sep 12 12:29:54 2026] [::1]:57482 Accepted
[Sat Sep 12 12:29:54 2026] [::1]:49381 [200]: GET /assets/images/logo.svg
[Sat Sep 12 12:29:54 2026] [::1]:60675 Accepted
[Sat Sep 12 12:29:54 2026] [::1]:57482 [200]: GET /uploads/covers/cover_1789054153_2d1533d2.png
[Sat Sep 12 12:29:54 2026] [::1]:60675 [200]: GET /assets/js/main.js?v=2
[Sat Sep 12 12:29:54 2026] [::1]:50604 Closing
[Sat Sep 12 12:29:54 2026] [::1]:49381 Closing
[Sat Sep 12 12:29:54 2026] [::1]:60675 Closing
[Sat Sep 12 12:29:54 2026] [::1]:57482 Closing
[Sat Sep 12 12:29:57 2026] [::1]:59389 Accepted
[Sat Sep 12 12:29:57 2026] [::1]:59389 [200]: GET /index.php
[Sat Sep 12 12:29:57 2026] [::1]:59389 Closing
[Sat Sep 12 12:29:57 2026] [::1]:62590 Accepted
[Sat Sep 12 12:29:57 2026] [::1]:50909 Accepted
[Sat Sep 12 12:29:57 2026] [::1]:62590 [200]: GET /assets/css/style.css?v=6
[Sat Sep 12 12:29:57 2026] [::1]:64724 Accepted
[Sat Sep 12 12:29:57 2026] [::1]:50909 [200]: GET /assets/images/logo.svg
[Sat Sep 12 12:29:57 2026] [::1]:58876 Accepted
[Sat Sep 12 12:29:57 2026] [::1]:64724 [200]: GET /uploads/covers/cover_1789054153_2d1533d2.png
[Sat Sep 12 12:29:57 2026] [::1]:58876 [200]: GET /assets/js/main.js?v=2
[Sat Sep 12 12:29:57 2026] [::1]:62590 Closing
[Sat Sep 12 12:29:57 2026] [::1]:50909 Closing
[Sat Sep 12 12:29:57 2026] [::1]:58876 Closing
[Sat Sep 12 12:29:57 2026] [::1]:64724 Closing
[Sat Sep 12 12:30:03 2026] [::1]:53668 Accepted
[Sat Sep 12 12:30:03 2026] [::1]:53668 [200]: GET /sales.php?book_id=1
[Sat Sep 12 12:30:03 2026] [::1]:53668 Closing
[Sat Sep 12 12:30:03 2026] [::1]:54148 Accepted
[Sat Sep 12 12:30:03 2026] [::1]:62052 Accepted
[Sat Sep 12 12:30:03 2026] [::1]:54148 [200]: GET /assets/css/style.css?v=6
[Sat Sep 12 12:30:03 2026] [::1]:53787 Accepted
[Sat Sep 12 12:30:03 2026] [::1]:62052 [200]: GET /assets/images/logo.svg
[Sat Sep 12 12:30:03 2026] [::1]:56775 Accepted
[Sat Sep 12 12:30:03 2026] [::1]:53787 [200]: GET /uploads/covers/cover_1789054153_2d1533d2.png
[Sat Sep 12 12:30:03 2026] [::1]:56775 [200]: GET /assets/img/momo.png
[Sat Sep 12 12:30:03 2026] [::1]:54148 Closing
[Sat Sep 12 12:30:03 2026] [::1]:62052 Closing
[Sat Sep 12 12:30:03 2026] [::1]:56775 Closing
[Sat Sep 12 12:30:03 2026] [::1]:63293 Accepted
[Sat Sep 12 12:30:03 2026] [::1]:63293 [200]: GET /assets/js/main.js?v=2
[Sat Sep 12 12:30:03 2026] [::1]:53787 Closing
[Sat Sep 12 12:30:03 2026] [::1]:63293 Closing
[Sat Sep 12 12:33:29 2026] [::1]:55113 Accepted
[Sat Sep 12 12:33:29 2026] [::1]:55113 [200]: GET /sales.php?book_id=1
[Sat Sep 12 12:33:29 2026] [::1]:55113 Closing
[Sat Sep 12 12:33:29 2026] [::1]:53872 Accepted
[Sat Sep 12 12:35:49 2026] [::1]:53872 Closed without sending a request; it was probably just an unused speculative preconnection
[Sat Sep 12 12:35:49 2026] [::1]:53872 Closing
[Sat Sep 12 12:35:49 2026] [::1]:58978 Accepted
[Sat Sep 12 12:35:49 2026] [::1]:58978 [200]: GET /sales.php?book_id=1
[Sat Sep 12 12:35:49 2026] [::1]:58978 Closing
[Sat Sep 12 12:35:49 2026] [::1]:54256 Accepted
[Sat Sep 12 12:35:49 2026] [::1]:55530 Accepted
[Sat Sep 12 12:35:49 2026] [::1]:54256 [200]: GET /assets/css/style.css?v=6
[Sat Sep 12 12:35:49 2026] [::1]:53542 Accepted
[Sat Sep 12 12:35:49 2026] [::1]:55530 [200]: GET /assets/images/logo.svg
[Sat Sep 12 12:35:49 2026] [::1]:54226 Accepted
[Sat Sep 12 12:35:49 2026] [::1]:53542 [200]: GET /uploads/covers/cover_1789054153_2d1533d2.png
[Sat Sep 12 12:35:49 2026] [::1]:54226 [200]: GET /assets/img/momo.png
[Sat Sep 12 12:35:49 2026] [::1]:54256 Closing
[Sat Sep 12 12:35:49 2026] [::1]:55530 Closing
[Sat Sep 12 12:35:49 2026] [::1]:54226 Closing
[Sat Sep 12 12:35:49 2026] [::1]:53542 Closing
[Sat Sep 12 12:35:50 2026] [::1]:58221 Accepted
[Sat Sep 12 12:35:50 2026] [::1]:58221 [200]: GET /assets/js/main.js?v=2
[Sat Sep 12 12:35:50 2026] [::1]:58221 Closing
[Sat Sep 12 12:35:50 2026] [::1]:53864 Accepted
[Sat Sep 12 12:35:50 2026] [::1]:53864 [200]: GET /assets/images/logo-icon.svg
[Sat Sep 12 12:35:50 2026] [::1]:53864 Closing
[Sat Sep 12 12:36:22 2026] [::1]:51007 Accepted
[Sat Sep 12 12:36:22 2026] [::1]:51007 [200]: GET /sales.php?book_id=1
[Sat Sep 12 12:36:22 2026] [::1]:51007 Closing
[Sat Sep 12 12:36:36 2026] [::1]:54198 Accepted
[Sat Sep 12 12:36:36 2026] [::1]:54198 [200]: GET /sales.php?book_id=1
[Sat Sep 12 12:36:36 2026] [::1]:54198 Closing
[Sat Sep 12 12:36:36 2026] [::1]:61828 Accepted
[Sat Sep 12 12:36:36 2026] [::1]:55016 Accepted
[Sat Sep 12 12:36:36 2026] [::1]:61828 [200]: GET /assets/css/style.css?v=7
[Sat Sep 12 12:36:36 2026] [::1]:62124 Accepted
[Sat Sep 12 12:36:36 2026] [::1]:55016 [200]: GET /assets/images/logo.svg
[Sat Sep 12 12:36:36 2026] [::1]:50500 Accepted
[Sat Sep 12 12:36:36 2026] [::1]:62124 [200]: GET /uploads/covers/cover_1789054153_2d1533d2.png
[Sat Sep 12 12:36:36 2026] [::1]:50500 [200]: GET /assets/img/momo.png
[Sat Sep 12 12:36:36 2026] [::1]:61828 Closing
[Sat Sep 12 12:36:36 2026] [::1]:63978 Accepted
[Sat Sep 12 12:36:36 2026] [::1]:55016 Closing
[Sat Sep 12 12:36:36 2026] [::1]:63978 [200]: GET /assets/js/main.js?v=2
[Sat Sep 12 12:36:36 2026] [::1]:50500 Closing
[Sat Sep 12 12:36:36 2026] [::1]:63978 Closing
[Sat Sep 12 12:36:36 2026] [::1]:62124 Closing
[Sat Sep 12 12:36:36 2026] [::1]:57728 Accepted
[Sat Sep 12 12:36:36 2026] [::1]:57728 [200]: GET /assets/images/logo-icon.svg
[Sat Sep 12 12:36:36 2026] [::1]:57728 Closing
[Sat Sep 12 12:36:49 2026] [::1]:62562 Accepted
[Sat Sep 12 12:36:49 2026] [::1]:62562 [200]: GET /assets/css/style.css?v=7
[Sat Sep 12 12:36:49 2026] [::1]:62562 Closing
[Sat Sep 12 12:36:49 2026] [::1]:56851 Accepted
[Sat Sep 12 12:36:49 2026] [::1]:56851 [404]: GET /.well-known/appspecific/com.chrome.devtools.json - No such file or directory
[Sat Sep 12 12:36:49 2026] [::1]:56851 Closing
[Sat Sep 12 12:37:48 2026] [::1]:53477 Accepted
[Sat Sep 12 12:37:48 2026] [::1]:53477 [200]: GET /account.php
[Sat Sep 12 12:37:48 2026] [::1]:53477 Closing
[Sat Sep 12 12:37:48 2026] [::1]:56812 Accepted
[Sat Sep 12 12:37:48 2026] [::1]:50318 Accepted
[Sat Sep 12 12:37:48 2026] [::1]:56812 [200]: GET /assets/css/style.css?v=7
[Sat Sep 12 12:37:48 2026] [::1]:50318 [200]: GET /assets/images/logo.svg
[Sat Sep 12 12:37:48 2026] [::1]:56812 Closing
[Sat Sep 12 12:37:48 2026] [::1]:50318 Closing
[Sat Sep 12 12:37:48 2026] [::1]:49796 Accepted
[Sat Sep 12 12:37:48 2026] [::1]:62678 Accepted
[Sat Sep 12 12:37:48 2026] [::1]:49796 [200]: GET /assets/js/main.js?v=2
[Sat Sep 12 12:37:48 2026] [::1]:62678 [200]: GET /uploads/covers/cover_1789054153_2d1533d2.png
[Sat Sep 12 12:37:48 2026] [::1]:49796 Closing
[Sat Sep 12 12:37:48 2026] [::1]:62678 Closing
[Sat Sep 12 12:38:02 2026] [::1]:49775 Accepted
[Sat Sep 12 12:38:02 2026] [::1]:49775 [200]: GET /write-review.php?book_id=2&order_id=2
[Sat Sep 12 12:38:02 2026] [::1]:49775 Closing
[Sat Sep 12 12:38:02 2026] [::1]:55756 Accepted
[Sat Sep 12 12:38:02 2026] [::1]:63474 Accepted
[Sat Sep 12 12:38:02 2026] [::1]:55756 [200]: GET /assets/css/style.css?v=7
[Sat Sep 12 12:38:02 2026] [::1]:63474 [200]: GET /assets/images/logo.svg
[Sat Sep 12 12:38:02 2026] [::1]:63131 Accepted
[Sat Sep 12 12:38:02 2026] [::1]:55756 Closing
[Sat Sep 12 12:38:02 2026] [::1]:63131 [200]: GET /assets/js/main.js?v=2
[Sat Sep 12 12:38:02 2026] [::1]:63474 Closing
[Sat Sep 12 12:38:02 2026] [::1]:63131 Closing
[Sat Sep 12 12:38:08 2026] [::1]:50066 Accepted
[Sat Sep 12 12:38:08 2026] [::1]:50066 [200]: GET /index.php
[Sat Sep 12 12:38:08 2026] [::1]:50066 Closing
[Sat Sep 12 12:38:08 2026] [::1]:55328 Accepted
[Sat Sep 12 12:38:08 2026] [::1]:58321 Accepted
[Sat Sep 12 12:38:08 2026] [::1]:55328 [200]: GET /assets/css/style.css?v=7
[Sat Sep 12 12:38:08 2026] [::1]:58321 [200]: GET /assets/images/logo.svg
[Sat Sep 12 12:38:08 2026] [::1]:55328 Closing
[Sat Sep 12 12:38:08 2026] [::1]:58321 Closing
[Sat Sep 12 12:38:08 2026] [::1]:52832 Accepted
[Sat Sep 12 12:38:08 2026] [::1]:52832 [200]: GET /uploads/covers/cover_1789054153_2d1533d2.png
[Sat Sep 12 12:38:08 2026] [::1]:61979 Accepted
[Sat Sep 12 12:38:08 2026] [::1]:61979 [200]: GET /assets/js/main.js?v=2
[Sat Sep 12 12:38:08 2026] [::1]:61979 Closing
[Sat Sep 12 12:38:08 2026] [::1]:52832 Closing
[Sat Sep 12 12:55:11 2026] [::1]:61929 Accepted
[Sat Sep 12 12:55:11 2026] [::1]:61929 [200]: GET /index.php
[Sat Sep 12 12:55:11 2026] [::1]:61929 Closing
[Sat Sep 12 12:55:11 2026] [::1]:62677 Accepted
[Sat Sep 12 12:55:11 2026] [::1]:59244 Accepted
[Sat Sep 12 12:55:11 2026] [::1]:62677 [200]: GET /assets/css/style.css?v=7
[Sat Sep 12 12:55:11 2026] [::1]:59244 [200]: GET /assets/images/logo.svg
[Sat Sep 12 12:55:11 2026] [::1]:62677 Closing
[Sat Sep 12 12:55:11 2026] [::1]:59244 Closing
[Sat Sep 12 12:55:11 2026] [::1]:55677 Accepted
[Sat Sep 12 12:55:11 2026] [::1]:55677 [200]: GET /uploads/covers/cover_1789054153_2d1533d2.png
[Sat Sep 12 12:55:11 2026] [::1]:55677 Closing
[Sat Sep 12 12:55:12 2026] [::1]:49366 Accepted
[Sat Sep 12 12:55:12 2026] [::1]:49366 [200]: GET /assets/js/main.js?v=2
[Sat Sep 12 12:55:12 2026] [::1]:49366 Closing
[Sat Sep 12 12:55:12 2026] [::1]:53955 Accepted
[Sat Sep 12 12:55:12 2026] [::1]:53955 [200]: GET /assets/images/logo-icon.svg
[Sat Sep 12 12:55:12 2026] [::1]:53955 Closing
[Sat Sep 12 12:59:16 2026] [::1]:57250 Accepted
[Sat Sep 12 12:59:16 2026] [::1]:57250 [200]: GET /index.php
[Sat Sep 12 12:59:16 2026] [::1]:57250 Closing
[Sat Sep 12 12:59:16 2026] [::1]:64184 Accepted
[Sat Sep 12 12:59:16 2026] [::1]:53378 Accepted
[Sat Sep 12 12:59:16 2026] [::1]:64184 [200]: GET /assets/css/style.css?v=7
[Sat Sep 12 12:59:16 2026] [::1]:53509 Accepted
[Sat Sep 12 12:59:16 2026] [::1]:53378 [200]: GET /assets/images/logo.svg
[Sat Sep 12 12:59:16 2026] [::1]:61504 Accepted
[Sat Sep 12 12:59:16 2026] [::1]:53509 [200]: GET /uploads/covers/cover_1789054153_2d1533d2.png
[Sat Sep 12 12:59:16 2026] [::1]:61504 [200]: GET /assets/js/main.js?v=2
[Sat Sep 12 12:59:16 2026] [::1]:64184 Closing
[Sat Sep 12 12:59:16 2026] [::1]:53378 Closing
[Sat Sep 12 12:59:16 2026] [::1]:61504 Closing
[Sat Sep 12 12:59:16 2026] [::1]:53509 Closing
[Sat Sep 12 12:59:18 2026] [::1]:64525 Accepted
[Sat Sep 12 12:59:18 2026] [::1]:64525 [200]: GET /account.php
[Sat Sep 12 12:59:18 2026] [::1]:64525 Closing
[Sat Sep 12 12:59:18 2026] [::1]:57485 Accepted
[Sat Sep 12 12:59:18 2026] [::1]:61998 Accepted
[Sat Sep 12 12:59:18 2026] [::1]:57485 [200]: GET /assets/css/style.css?v=7
[Sat Sep 12 12:59:18 2026] [::1]:52853 Accepted
[Sat Sep 12 12:59:18 2026] [::1]:61998 [200]: GET /assets/images/logo.svg
[Sat Sep 12 12:59:18 2026] [::1]:55634 Accepted
[Sat Sep 12 12:59:18 2026] [::1]:52853 [200]: GET /uploads/covers/cover_1789054153_2d1533d2.png
[Sat Sep 12 12:59:18 2026] [::1]:55634 [200]: GET /assets/js/main.js?v=2
[Sat Sep 12 12:59:18 2026] [::1]:57485 Closing
[Sat Sep 12 12:59:18 2026] [::1]:61998 Closing
[Sat Sep 12 12:59:18 2026] [::1]:55634 Closing
[Sat Sep 12 12:59:18 2026] [::1]:52853 Closing
[Sat Sep 12 12:59:30 2026] [::1]:63679 Accepted
[Sat Sep 12 12:59:30 2026] [::1]:63679 [200]: GET /index.php
[Sat Sep 12 12:59:30 2026] [::1]:63679 Closing
[Sat Sep 12 12:59:30 2026] [::1]:50049 Accepted
[Sat Sep 12 12:59:30 2026] [::1]:51564 Accepted
[Sat Sep 12 12:59:30 2026] [::1]:50049 [200]: GET /assets/css/style.css?v=7
[Sat Sep 12 12:59:30 2026] [::1]:59317 Accepted
[Sat Sep 12 12:59:30 2026] [::1]:51564 [200]: GET /assets/images/logo.svg
[Sat Sep 12 12:59:30 2026] [::1]:54292 Accepted
[Sat Sep 12 12:59:30 2026] [::1]:59317 [200]: GET /uploads/covers/cover_1789054153_2d1533d2.png
[Sat Sep 12 12:59:30 2026] [::1]:54292 [200]: GET /assets/js/main.js?v=2
[Sat Sep 12 12:59:30 2026] [::1]:50049 Closing
[Sat Sep 12 12:59:30 2026] [::1]:51564 Closing
[Sat Sep 12 12:59:30 2026] [::1]:54292 Closing
[Sat Sep 12 12:59:30 2026] [::1]:59317 Closing
[Sat Sep 12 12:59:30 2026] [::1]:56577 Accepted
[Sat Sep 12 12:59:30 2026] [::1]:56577 [200]: GET /assets/images/logo-icon.svg
[Sat Sep 12 12:59:30 2026] [::1]:56577 Closing
[Sat Sep 12 12:59:55 2026] [::1]:57689 Accepted
[Sat Sep 12 12:59:55 2026] [::1]:57689 [200]: GET /assets/css/style.css?v=7
[Sat Sep 12 12:59:55 2026] [::1]:57689 Closing
[Sat Sep 12 12:59:55 2026] [::1]:55360 Accepted
[Sat Sep 12 12:59:55 2026] [::1]:55360 [404]: GET /.well-known/appspecific/com.chrome.devtools.json - No such file or directory
[Sat Sep 12 12:59:55 2026] [::1]:55360 Closing
[Sat Sep 12 13:00:02 2026] [::1]:52188 Accepted
[Sat Sep 12 13:00:02 2026] [::1]:52188 [200]: GET /sales.php?book_id=1
[Sat Sep 12 13:00:02 2026] [::1]:52188 Closing
[Sat Sep 12 13:00:02 2026] [::1]:56236 Accepted
[Sat Sep 12 13:00:02 2026] [::1]:54362 Accepted
[Sat Sep 12 13:00:02 2026] [::1]:56236 [200]: GET /assets/css/style.css?v=7
[Sat Sep 12 13:00:02 2026] [::1]:58700 Accepted
[Sat Sep 12 13:00:02 2026] [::1]:54362 [200]: GET /assets/images/logo.svg
[Sat Sep 12 13:00:02 2026] [::1]:59437 Accepted
[Sat Sep 12 13:00:02 2026] [::1]:58700 [200]: GET /uploads/covers/cover_1789054153_2d1533d2.png
[Sat Sep 12 13:00:02 2026] [::1]:59437 [200]: GET /assets/img/momo.png
[Sat Sep 12 13:00:02 2026] [::1]:56236 Closing
[Sat Sep 12 13:00:02 2026] [::1]:54362 Closing
[Sat Sep 12 13:00:02 2026] [::1]:59437 Closing
[Sat Sep 12 13:00:02 2026] [::1]:58700 Closing
[Sat Sep 12 13:00:02 2026] [::1]:52067 Accepted
[Sat Sep 12 13:00:02 2026] [::1]:52067 [200]: GET /assets/js/main.js?v=2
[Sat Sep 12 13:00:02 2026] [::1]:52067 Closing
[Sat Sep 12 13:00:03 2026] [::1]:54049 Accepted
[Sat Sep 12 13:00:03 2026] [::1]:54049 [200]: GET /assets/images/logo-icon.svg
[Sat Sep 12 13:00:03 2026] [::1]:54049 Closing
[Sat Sep 12 13:00:21 2026] [::1]:52681 Accepted
[Sat Sep 12 13:00:21 2026] [::1]:52681 [200]: GET /admin/settings.php
[Sat Sep 12 13:00:21 2026] [::1]:52681 Closing
[Sat Sep 12 13:00:21 2026] [::1]:57230 Accepted
[Sat Sep 12 13:00:21 2026] [::1]:57230 [200]: GET /assets/css/style.css?v=7
[Sat Sep 12 13:00:21 2026] [::1]:57230 Closing
[Sat Sep 12 13:00:23 2026] [::1]:57973 Accepted
[Sat Sep 12 13:00:23 2026] [::1]:57973 [200]: GET /admin/settings.php
[Sat Sep 12 13:00:23 2026] [::1]:57973 Closing
[Sat Sep 12 13:00:23 2026] [::1]:51600 Accepted
[Sat Sep 12 13:00:23 2026] [::1]:51600 [200]: GET /assets/css/style.css?v=7
[Sat Sep 12 13:00:23 2026] [::1]:51600 Closing
[Sat Sep 12 13:01:12 2026] [::1]:62064 Accepted
[Sat Sep 12 13:01:12 2026] [::1]:62064 [200]: GET /account.php
[Sat Sep 12 13:01:12 2026] [::1]:62064 Closing
[Sat Sep 12 13:01:12 2026] [::1]:56975 Accepted
[Sat Sep 12 13:01:12 2026] [::1]:49673 Accepted
[Sat Sep 12 13:01:12 2026] [::1]:56975 [200]: GET /assets/css/style.css?v=7
[Sat Sep 12 13:01:12 2026] [::1]:54801 Accepted
[Sat Sep 12 13:01:12 2026] [::1]:49673 [200]: GET /assets/images/logo.svg
[Sat Sep 12 13:01:12 2026] [::1]:51118 Accepted
[Sat Sep 12 13:01:12 2026] [::1]:54801 [200]: GET /uploads/covers/cover_1789054153_2d1533d2.png
[Sat Sep 12 13:01:12 2026] [::1]:51118 [200]: GET /assets/js/main.js?v=2
[Sat Sep 12 13:01:12 2026] [::1]:56975 Closing
[Sat Sep 12 13:01:12 2026] [::1]:49673 Closing
[Sat Sep 12 13:01:12 2026] [::1]:51118 Closing
[Sat Sep 12 13:01:12 2026] [::1]:54801 Closing
[Sat Sep 12 13:01:12 2026] [::1]:65445 Accepted
[Sat Sep 12 13:01:12 2026] [::1]:65445 [200]: GET /assets/images/logo-icon.svg
[Sat Sep 12 13:01:12 2026] [::1]:65445 Closing
[Sat Sep 12 13:01:39 2026] [::1]:60036 Accepted
[Sat Sep 12 13:01:39 2026] [::1]:60036 [200]: GET /download.php?book_id=1&order_id=1
[Sat Sep 12 13:01:39 2026] [::1]:60036 Closing
[Sat Sep 12 13:01:39 2026] [::1]:62268 Accepted
[Sat Sep 12 13:01:39 2026] [::1]:63609 Accepted
[Sat Sep 12 13:01:39 2026] [::1]:62268 [200]: GET /assets/css/style.css?v=7
[Sat Sep 12 13:01:39 2026] [::1]:63609 [200]: GET /assets/images/logo.svg
[Sat Sep 12 13:01:39 2026] [::1]:62268 Closing
[Sat Sep 12 13:01:39 2026] [::1]:63609 Closing
[Sat Sep 12 13:01:39 2026] [::1]:53834 Accepted
[Sat Sep 12 13:01:39 2026] [::1]:53834 [200]: GET /assets/js/main.js?v=2
[Sat Sep 12 13:01:39 2026] [::1]:53834 Closing
[Sat Sep 12 13:01:39 2026] [::1]:51142 Accepted
[Sat Sep 12 13:01:39 2026] [::1]:51142 [200]: GET /assets/images/logo-icon.svg
[Sat Sep 12 13:01:39 2026] [::1]:51142 Closing
[Sat Sep 12 13:01:45 2026] [::1]:64565 Accepted
[Sat Sep 12 13:01:51 2026] [::1]:64565 [200]: GET /download.php?book_id=1&order_id=1&link_id=29
[Sat Sep 12 13:01:51 2026] [::1]:64565 Closing
[Sat Sep 12 13:01:51 2026] [::1]:58457 Accepted
[Sat Sep 12 13:01:51 2026] [::1]:50372 Accepted
[Sat Sep 12 13:01:55 2026] [::1]:58457 [200]: GET /download.php?book_id=1&order_id=1&link_id=29
[Sat Sep 12 13:01:55 2026] [::1]:58457 Closing
[Sat Sep 12 13:01:59 2026] [::1]:50372 [200]: GET /how-it-works.php
[Sat Sep 12 13:01:59 2026] [::1]:50372 Closing
[Sat Sep 12 13:01:59 2026] [::1]:57390 Accepted
[Sat Sep 12 13:01:59 2026] [::1]:64799 Accepted
[Sat Sep 12 13:01:59 2026] [::1]:57390 [200]: GET /assets/css/style.css?v=7
[Sat Sep 12 13:01:59 2026] [::1]:58138 Accepted
[Sat Sep 12 13:01:59 2026] [::1]:64799 [200]: GET /assets/images/logo.svg
[Sat Sep 12 13:01:59 2026] [::1]:58138 [200]: GET /assets/js/main.js?v=2
[Sat Sep 12 13:01:59 2026] [::1]:57390 Closing
[Sat Sep 12 13:01:59 2026] [::1]:64799 Closing
[Sat Sep 12 13:01:59 2026] [::1]:58138 Closing
[Sat Sep 12 13:01:59 2026] [::1]:64842 Accepted
[Sat Sep 12 13:01:59 2026] [::1]:64842 [200]: GET /assets/images/logo-icon.svg
[Sat Sep 12 13:01:59 2026] [::1]:64842 Closing
[Sat Sep 12 13:02:40 2026] [::1]:63732 Accepted
[Sat Sep 12 13:02:41 2026] [::1]:63732 [200]: GET /subjects.php?level=secondary
[Sat Sep 12 13:02:41 2026] [::1]:63732 Closing
[Sat Sep 12 13:02:41 2026] [::1]:52228 Accepted
[Sat Sep 12 13:02:41 2026] [::1]:60047 Accepted
[Sat Sep 12 13:02:41 2026] [::1]:52228 [200]: GET /assets/css/style.css?v=7
[Sat Sep 12 13:02:41 2026] [::1]:60791 Accepted
[Sat Sep 12 13:02:41 2026] [::1]:60047 [200]: GET /assets/images/logo.svg
[Sat Sep 12 13:02:41 2026] [::1]:60791 [200]: GET /assets/js/main.js?v=2
[Sat Sep 12 13:02:41 2026] [::1]:52228 Closing
[Sat Sep 12 13:02:41 2026] [::1]:60047 Closing
[Sat Sep 12 13:02:41 2026] [::1]:60791 Closing
[Sat Sep 12 13:02:41 2026] [::1]:63122 Accepted
[Sat Sep 12 13:02:41 2026] [::1]:63122 [200]: GET /assets/images/logo-icon.svg
[Sat Sep 12 13:02:41 2026] [::1]:63122 Closing
[Sat Sep 12 13:02:52 2026] [::1]:57430 Accepted
[Sat Sep 12 13:02:52 2026] [::1]:57430 [200]: GET /subjects.php?level=primary
[Sat Sep 12 13:02:52 2026] [::1]:57430 Closing
[Sat Sep 12 13:02:52 2026] [::1]:49668 Accepted
[Sat Sep 12 13:02:52 2026] [::1]:49396 Accepted
[Sat Sep 12 13:02:52 2026] [::1]:49668 [200]: GET /assets/css/style.css?v=7
[Sat Sep 12 13:02:52 2026] [::1]:49396 [200]: GET /assets/images/logo.svg
[Sat Sep 12 13:02:52 2026] [::1]:63387 Accepted
[Sat Sep 12 13:02:52 2026] [::1]:49668 Closing
[Sat Sep 12 13:02:52 2026] [::1]:63387 [200]: GET /assets/js/main.js?v=2
[Sat Sep 12 13:02:52 2026] [::1]:49396 Closing
[Sat Sep 12 13:02:52 2026] [::1]:63387 Closing
[Sat Sep 12 13:02:52 2026] [::1]:57748 Accepted
[Sat Sep 12 13:02:52 2026] [::1]:57748 [200]: GET /assets/images/logo-icon.svg
[Sat Sep 12 13:02:52 2026] [::1]:57748 Closing
[Sat Sep 12 13:02:57 2026] [::1]:59483 Accepted
[Sat Sep 12 13:02:57 2026] [::1]:59483 [200]: GET /subjects.php?level=secondary
[Sat Sep 12 13:02:57 2026] [::1]:59483 Closing
[Sat Sep 12 13:02:57 2026] [::1]:54460 Accepted
[Sat Sep 12 13:02:57 2026] [::1]:53840 Accepted
[Sat Sep 12 13:02:57 2026] [::1]:54460 [200]: GET /assets/css/style.css?v=7
[Sat Sep 12 13:02:57 2026] [::1]:64971 Accepted
[Sat Sep 12 13:02:57 2026] [::1]:53840 [200]: GET /assets/images/logo.svg
[Sat Sep 12 13:02:57 2026] [::1]:64971 [200]: GET /assets/js/main.js?v=2
[Sat Sep 12 13:02:57 2026] [::1]:54460 Closing
[Sat Sep 12 13:02:57 2026] [::1]:53840 Closing
[Sat Sep 12 13:02:57 2026] [::1]:64971 Closing
[Sat Sep 12 13:02:57 2026] [::1]:56093 Accepted
[Sat Sep 12 13:02:57 2026] [::1]:56093 [200]: GET /assets/images/logo-icon.svg
[Sat Sep 12 13:02:57 2026] [::1]:56093 Closing
[Sat Sep 12 13:03:03 2026] [::1]:53918 Accepted
[Sat Sep 12 13:03:03 2026] [::1]:53918 [200]: GET /assets/css/style.css?v=7
[Sat Sep 12 13:03:03 2026] [::1]:53918 Closing
[Sat Sep 12 13:03:03 2026] [::1]:50141 Accepted
[Sat Sep 12 13:03:03 2026] [::1]:50141 [404]: GET /.well-known/appspecific/com.chrome.devtools.json - No such file or directory
[Sat Sep 12 13:03:03 2026] [::1]:50141 Closing
[Sat Sep 12 13:03:18 2026] [::1]:56460 Accepted
[Sat Sep 12 13:03:18 2026] [::1]:56460 [200]: GET /subjects.php?level=secondary
[Sat Sep 12 13:03:18 2026] [::1]:56460 Closing
[Sat Sep 12 13:03:18 2026] [::1]:56527 Accepted
[Sat Sep 12 13:03:18 2026] [::1]:56527 [200]: GET /assets/css/style.css?v=7
[Sat Sep 12 13:03:18 2026] [::1]:63571 Accepted
[Sat Sep 12 13:03:18 2026] [::1]:56527 Closing
[Sat Sep 12 13:03:18 2026] [::1]:63571 [200]: GET /assets/images/logo.svg
[Sat Sep 12 13:03:18 2026] [::1]:63571 Closing
[Sat Sep 12 13:03:18 2026] [::1]:56776 Accepted
[Sat Sep 12 13:03:18 2026] [::1]:56776 [404]: GET /.well-known/appspecific/com.chrome.devtools.json - No such file or directory
[Sat Sep 12 13:03:18 2026] [::1]:56776 Closing
[Sat Sep 12 13:03:18 2026] [::1]:62477 Accepted
[Sat Sep 12 13:03:18 2026] [::1]:62477 [200]: GET /assets/js/main.js?v=2
[Sat Sep 12 13:03:18 2026] [::1]:62477 Closing
[Sat Sep 12 13:03:19 2026] [::1]:59520 Accepted
[Sat Sep 12 13:03:19 2026] [::1]:59520 [200]: GET /assets/images/logo-icon.svg
[Sat Sep 12 13:03:19 2026] [::1]:59520 Closing
[Sat Sep 12 13:03:24 2026] [::1]:58659 Accepted
[Sat Sep 12 13:03:24 2026] [::1]:58659 [200]: GET /index.php
[Sat Sep 12 13:03:24 2026] [::1]:58659 Closing
[Sat Sep 12 13:03:24 2026] [::1]:52745 Accepted
[Sat Sep 12 13:03:24 2026] [::1]:53674 Accepted
[Sat Sep 12 13:03:24 2026] [::1]:52745 [200]: GET /assets/css/style.css?v=7
[Sat Sep 12 13:03:24 2026] [::1]:53674 [200]: GET /assets/images/logo.svg
[Sat Sep 12 13:03:24 2026] [::1]:52745 Closing
[Sat Sep 12 13:03:24 2026] [::1]:53674 Closing
[Sat Sep 12 13:03:24 2026] [::1]:52730 Accepted
[Sat Sep 12 13:03:24 2026] [::1]:52730 [404]: GET /.well-known/appspecific/com.chrome.devtools.json - No such file or directory
[Sat Sep 12 13:03:24 2026] [::1]:52730 Closing
[Sat Sep 12 13:03:24 2026] [::1]:51151 Accepted
[Sat Sep 12 13:03:24 2026] [::1]:51151 [200]: GET /uploads/covers/cover_1789054153_2d1533d2.png
[Sat Sep 12 13:03:24 2026] [::1]:51151 Closing
[Sat Sep 12 13:03:24 2026] [::1]:56009 Accepted
[Sat Sep 12 13:03:24 2026] [::1]:56009 [200]: GET /assets/js/main.js?v=2
[Sat Sep 12 13:03:24 2026] [::1]:56009 Closing
[Sat Sep 12 13:03:25 2026] [::1]:54417 Accepted
[Sat Sep 12 13:03:25 2026] [::1]:54417 [200]: GET /assets/images/logo-icon.svg
[Sat Sep 12 13:03:25 2026] [::1]:54417 Closing
[Sat Sep 12 13:03:37 2026] [::1]:60849 Accepted
[Sat Sep 12 13:03:37 2026] [::1]:60849 [302]: GET /signup.php
[Sat Sep 12 13:03:37 2026] [::1]:60849 Closing
[Sat Sep 12 13:03:37 2026] [::1]:50916 Accepted
[Sat Sep 12 13:03:37 2026] [::1]:50916 [200]: GET /account.php
[Sat Sep 12 13:03:37 2026] [::1]:50916 Closing
[Sat Sep 12 13:03:37 2026] [::1]:55260 Accepted
[Sat Sep 12 13:03:37 2026] [::1]:59213 Accepted
[Sat Sep 12 13:03:37 2026] [::1]:55260 [200]: GET /assets/css/style.css?v=7
[Sat Sep 12 13:03:37 2026] [::1]:59240 Accepted
[Sat Sep 12 13:03:37 2026] [::1]:59213 [200]: GET /assets/images/logo.svg
[Sat Sep 12 13:03:37 2026] [::1]:59240 [200]: GET /uploads/covers/cover_1789054153_2d1533d2.png
[Sat Sep 12 13:03:37 2026] [::1]:55260 Closing
[Sat Sep 12 13:03:37 2026] [::1]:59213 Closing
[Sat Sep 12 13:03:37 2026] [::1]:55188 Accepted
[Sat Sep 12 13:03:37 2026] [::1]:55188 [404]: GET /.well-known/appspecific/com.chrome.devtools.json - No such file or directory
[Sat Sep 12 13:03:37 2026] [::1]:55188 Closing
[Sat Sep 12 13:03:38 2026] [::1]:59240 Closing
[Sat Sep 12 13:03:38 2026] [::1]:59711 Accepted
[Sat Sep 12 13:03:38 2026] [::1]:59711 [200]: GET /assets/js/main.js?v=2
[Sat Sep 12 13:03:38 2026] [::1]:59711 Closing
[Sat Sep 12 13:03:38 2026] [::1]:55222 Accepted
[Sat Sep 12 13:03:38 2026] [::1]:55222 [200]: GET /assets/images/logo-icon.svg
[Sat Sep 12 13:03:38 2026] [::1]:55222 Closing
[Sat Sep 12 13:03:47 2026] [::1]:59616 Accepted
[Sat Sep 12 13:03:47 2026] [::1]:59616 [302]: GET /logout.php
[Sat Sep 12 13:03:47 2026] [::1]:59616 Closing
[Sat Sep 12 13:03:47 2026] [::1]:55569 Accepted
[Sat Sep 12 13:03:47 2026] [::1]:55569 [200]: GET /index.php
[Sat Sep 12 13:03:47 2026] [::1]:55569 Closing
[Sat Sep 12 13:03:47 2026] [::1]:58950 Accepted
[Sat Sep 12 13:03:47 2026] [::1]:52528 Accepted
[Sat Sep 12 13:03:47 2026] [::1]:58950 [200]: GET /assets/css/style.css?v=7
[Sat Sep 12 13:03:47 2026] [::1]:52528 [200]: GET /assets/images/logo.svg
[Sat Sep 12 13:03:47 2026] [::1]:58950 Closing
[Sat Sep 12 13:03:47 2026] [::1]:52528 Closing
[Sat Sep 12 13:03:47 2026] [::1]:62865 Accepted
[Sat Sep 12 13:03:47 2026] [::1]:63625 Accepted
[Sat Sep 12 13:03:47 2026] [::1]:62865 [200]: GET /assets/js/main.js?v=2
[Sat Sep 12 13:03:47 2026] [::1]:63625 [200]: GET /uploads/covers/cover_1789054153_2d1533d2.png
[Sat Sep 12 13:03:47 2026] [::1]:62865 Closing
[Sat Sep 12 13:03:47 2026] [::1]:63625 Closing
[Sat Sep 12 13:03:47 2026] [::1]:54541 Accepted
[Sat Sep 12 13:03:47 2026] [::1]:54541 [200]: GET /assets/images/logo-icon.svg
[Sat Sep 12 13:03:47 2026] [::1]:54541 Closing
[Sat Sep 12 13:03:51 2026] [::1]:52146 Accepted
[Sat Sep 12 13:03:51 2026] [::1]:52146 [200]: GET /signup.php
[Sat Sep 12 13:03:51 2026] [::1]:52146 Closing
[Sat Sep 12 13:03:51 2026] [::1]:62055 Accepted
[Sat Sep 12 13:03:51 2026] [::1]:54810 Accepted
[Sat Sep 12 13:03:51 2026] [::1]:62055 [200]: GET /assets/css/style.css?v=7
[Sat Sep 12 13:03:51 2026] [::1]:54810 [200]: GET /assets/images/logo.svg
[Sat Sep 12 13:03:51 2026] [::1]:62055 Closing
[Sat Sep 12 13:03:51 2026] [::1]:54810 Closing
[Sat Sep 12 13:03:51 2026] [::1]:52566 Accepted
[Sat Sep 12 13:03:51 2026] [::1]:52566 [200]: GET /assets/js/main.js?v=2
[Sat Sep 12 13:03:51 2026] [::1]:52566 Closing
[Sat Sep 12 13:03:52 2026] [::1]:59797 Accepted
[Sat Sep 12 13:03:52 2026] [::1]:59797 [200]: GET /assets/images/logo-icon.svg
[Sat Sep 12 13:03:52 2026] [::1]:59797 Closing
[Sat Sep 12 13:05:16 2026] [::1]:64704 Accepted
[Sat Sep 12 13:05:17 2026] [::1]:64704 [200]: GET /index.php
[Sat Sep 12 13:05:17 2026] [::1]:64704 Closing
[Sat Sep 12 13:05:17 2026] [::1]:57750 Accepted
[Sat Sep 12 13:05:17 2026] [::1]:62777 Accepted
[Sat Sep 12 13:05:17 2026] [::1]:57750 [200]: GET /assets/css/style.css?v=7
[Sat Sep 12 13:05:17 2026] [::1]:55542 Accepted
[Sat Sep 12 13:05:17 2026] [::1]:62777 [200]: GET /assets/images/logo.svg
[Sat Sep 12 13:05:17 2026] [::1]:55542 [200]: GET /uploads/covers/cover_1789054153_2d1533d2.png
[Sat Sep 12 13:05:17 2026] [::1]:57750 Closing
[Sat Sep 12 13:05:17 2026] [::1]:62777 Closing
[Sat Sep 12 13:05:17 2026] [::1]:64919 Accepted
[Sat Sep 12 13:05:17 2026] [::1]:64919 [200]: GET /assets/js/main.js?v=2
[Sat Sep 12 13:05:17 2026] [::1]:64919 Closing
[Sat Sep 12 13:05:17 2026] [::1]:55542 Closing
[Sat Sep 12 13:05:17 2026] [::1]:56527 Accepted
[Sat Sep 12 13:05:17 2026] [::1]:56527 [200]: GET /assets/images/logo-icon.svg
[Sat Sep 12 13:05:17 2026] [::1]:56527 Closing
[Sat Sep 12 13:13:08 2026] [::1]:56305 Accepted
[Sat Sep 12 13:13:08 2026] [::1]:56305 [200]: GET /index.php
[Sat Sep 12 13:13:08 2026] [::1]:56305 Closing
[Sat Sep 12 13:13:08 2026] [::1]:59538 Accepted
[Sat Sep 12 13:13:08 2026] [::1]:62728 Accepted
[Sat Sep 12 13:13:08 2026] [::1]:59538 [200]: GET /assets/css/style.css?v=7
[Sat Sep 12 13:13:08 2026] [::1]:50403 Accepted
[Sat Sep 12 13:13:08 2026] [::1]:62728 [200]: GET /assets/images/logo.svg
[Sat Sep 12 13:13:08 2026] [::1]:50403 [200]: GET /uploads/covers/cover_1789054153_2d1533d2.png
[Sat Sep 12 13:13:08 2026] [::1]:59538 Closing
[Sat Sep 12 13:13:08 2026] [::1]:53909 Accepted
[Sat Sep 12 13:13:08 2026] [::1]:62728 Closing
[Sat Sep 12 13:13:08 2026] [::1]:53909 [200]: GET /assets/js/main.js?v=2
[Sat Sep 12 13:13:08 2026] [::1]:53909 Closing
[Sat Sep 12 13:13:08 2026] [::1]:50403 Closing
[Sat Sep 12 13:13:08 2026] [::1]:57274 Accepted
[Sat Sep 12 13:13:08 2026] [::1]:57274 [200]: GET /assets/images/logo-icon.svg
[Sat Sep 12 13:13:08 2026] [::1]:57274 Closing
[Sat Sep 12 13:13:40 2026] [::1]:63688 Accepted
[Sat Sep 12 13:13:40 2026] [::1]:63688 [200]: GET /assets/css/style.css?v=7
[Sat Sep 12 13:13:40 2026] [::1]:63688 Closing
[Sat Sep 12 13:13:40 2026] [::1]:56711 Accepted
[Sat Sep 12 13:13:40 2026] [::1]:56711 [404]: GET /.well-known/appspecific/com.chrome.devtools.json - No such file or directory
[Sat Sep 12 13:13:40 2026] [::1]:56711 Closing
[Sat Sep 12 13:13:41 2026] [::1]:56712 Accepted
[Sat Sep 12 13:13:41 2026] [::1]:56712 [200]: GET /index.php
[Sat Sep 12 13:13:41 2026] [::1]:56712 Closing
[Sat Sep 12 13:13:50 2026] [::1]:51094 Accepted
[Sat Sep 12 13:13:50 2026] [::1]:51094 [302]: GET /books.php?subject=geography
[Sat Sep 12 13:13:50 2026] [::1]:51094 Closing
[Sat Sep 12 13:14:09 2026] [::1]:62669 Accepted
[Sat Sep 12 13:14:10 2026] [::1]:62669 [200]: GET /books.php?subject_id=1
[Sat Sep 12 13:14:10 2026] [::1]:62669 Closing
[Sat Sep 12 13:15:16 2026] [::1]:55298 Accepted
[Sat Sep 12 13:15:16 2026] [::1]:55298 [302]: GET /sales.php?book_id=1
[Sat Sep 12 13:15:16 2026] [::1]:55298 Closing
[Sat Sep 12 13:15:16 2026] [::1]:64080 Accepted
[Sat Sep 12 13:15:16 2026] [::1]:64080 [200]: GET /lead-capture.php?next=sales.php%3Fbook_id%3D1
[Sat Sep 12 13:15:16 2026] [::1]:64080 Closing
[Sat Sep 12 13:15:16 2026] [::1]:62820 Accepted
[Sat Sep 12 13:15:16 2026] [::1]:53846 Accepted
[Sat Sep 12 13:15:16 2026] [::1]:62820 [200]: GET /assets/css/style.css?v=8
[Sat Sep 12 13:15:16 2026] [::1]:53846 [200]: GET /assets/images/logo.svg
[Sat Sep 12 13:15:16 2026] [::1]:62820 Closing
[Sat Sep 12 13:15:16 2026] [::1]:53846 Closing
[Sat Sep 12 13:15:16 2026] [::1]:65457 Accepted
[Sat Sep 12 13:15:16 2026] [::1]:65457 [200]: GET /assets/js/main.js?v=2
[Sat Sep 12 13:15:16 2026] [::1]:65457 Closing
[Sat Sep 12 13:15:17 2026] [::1]:56927 Accepted
[Sat Sep 12 13:15:17 2026] [::1]:56927 [200]: GET /assets/images/logo-icon.svg
[Sat Sep 12 13:15:17 2026] [::1]:56927 Closing
[Sat Sep 12 13:15:39 2026] [::1]:60438 Accepted
[Sat Sep 12 13:15:39 2026] [::1]:60438 [200]: GET /index.php
[Sat Sep 12 13:15:39 2026] [::1]:60438 Closing
[Sat Sep 12 13:15:39 2026] [::1]:53822 Accepted
[Sat Sep 12 13:15:39 2026] [::1]:50947 Accepted
[Sat Sep 12 13:15:39 2026] [::1]:53822 [200]: GET /assets/css/style.css?v=8
[Sat Sep 12 13:15:39 2026] [::1]:50947 [200]: GET /assets/images/logo.svg
[Sat Sep 12 13:15:39 2026] [::1]:53822 Closing
[Sat Sep 12 13:15:39 2026] [::1]:50947 Closing
[Sat Sep 12 13:15:39 2026] [::1]:61063 Accepted
[Sat Sep 12 13:15:39 2026] [::1]:61063 [200]: GET /uploads/covers/cover_1789054153_2d1533d2.png
[Sat Sep 12 13:15:39 2026] [::1]:62624 Accepted
[Sat Sep 12 13:15:39 2026] [::1]:62624 [200]: GET /assets/js/main.js?v=2
[Sat Sep 12 13:15:39 2026] [::1]:62624 Closing
[Sat Sep 12 13:15:39 2026] [::1]:61063 Closing
[Sat Sep 12 13:15:39 2026] [::1]:60839 Accepted
[Sat Sep 12 13:15:39 2026] [::1]:60839 [200]: GET /assets/images/logo-icon.svg
[Sat Sep 12 13:15:39 2026] [::1]:60839 Closing
[Sat Sep 12 13:16:22 2026] [::1]:54499 Accepted
[Sat Sep 12 13:16:22 2026] [::1]:54499 [200]: GET /login.php
[Sat Sep 12 13:16:22 2026] [::1]:54499 Closing
[Sat Sep 12 13:16:22 2026] [::1]:53127 Accepted
[Sat Sep 12 13:16:22 2026] [::1]:64481 Accepted
[Sat Sep 12 13:16:22 2026] [::1]:53127 [200]: GET /assets/css/style.css?v=8
[Sat Sep 12 13:16:22 2026] [::1]:64481 [200]: GET /assets/images/logo.svg
[Sat Sep 12 13:16:22 2026] [::1]:53127 Closing
[Sat Sep 12 13:16:22 2026] [::1]:64481 Closing
[Sat Sep 12 13:16:22 2026] [::1]:49337 Accepted
[Sat Sep 12 13:16:22 2026] [::1]:49337 [200]: GET /assets/js/main.js?v=2
[Sat Sep 12 13:16:22 2026] [::1]:49337 Closing
[Sat Sep 12 13:16:22 2026] [::1]:59958 Accepted
[Sat Sep 12 13:16:22 2026] [::1]:59958 [200]: GET /assets/images/logo-icon.svg
[Sat Sep 12 13:16:22 2026] [::1]:59958 Closing
[Sat Sep 12 13:16:39 2026] [::1]:53185 Accepted
[Sat Sep 12 13:16:40 2026] [::1]:53185 [302]: POST /login.php
[Sat Sep 12 13:16:40 2026] [::1]:53185 Closing
[Sat Sep 12 13:16:40 2026] [::1]:59259 Accepted
[Sat Sep 12 13:16:40 2026] [::1]:59259 [200]: GET /account.php
[Sat Sep 12 13:16:40 2026] [::1]:59259 Closing
[Sat Sep 12 13:16:40 2026] [::1]:62048 Accepted
[Sat Sep 12 13:16:40 2026] [::1]:54512 Accepted
[Sat Sep 12 13:16:40 2026] [::1]:62048 [200]: GET /assets/css/style.css?v=8
[Sat Sep 12 13:16:40 2026] [::1]:52644 Accepted
[Sat Sep 12 13:16:40 2026] [::1]:54512 [200]: GET /assets/images/logo.svg
[Sat Sep 12 13:16:40 2026] [::1]:52644 [200]: GET /uploads/covers/cover_1789054153_2d1533d2.png
[Sat Sep 12 13:16:40 2026] [::1]:62048 Closing
[Sat Sep 12 13:16:40 2026] [::1]:54512 Closing
[Sat Sep 12 13:16:40 2026] [::1]:54938 Accepted
[Sat Sep 12 13:16:40 2026] [::1]:54938 [200]: GET /assets/js/main.js?v=2
[Sat Sep 12 13:16:40 2026] [::1]:54938 Closing
[Sat Sep 12 13:16:40 2026] [::1]:52644 Closing
[Sat Sep 12 13:16:40 2026] [::1]:62075 Accepted
[Sat Sep 12 13:16:40 2026] [::1]:62075 [200]: GET /assets/images/logo-icon.svg
[Sat Sep 12 13:16:40 2026] [::1]:62075 Closing
[Sat Sep 12 13:16:41 2026] [::1]:58571 Accepted
[Sat Sep 12 13:16:42 2026] [::1]:58571 [200]: GET /index.php
[Sat Sep 12 13:16:42 2026] [::1]:58571 Closing
[Sat Sep 12 13:16:42 2026] [::1]:50530 Accepted
[Sat Sep 12 13:16:42 2026] [::1]:54296 Accepted
[Sat Sep 12 13:16:42 2026] [::1]:50530 [200]: GET /assets/css/style.css?v=8
[Sat Sep 12 13:16:42 2026] [::1]:63428 Accepted
[Sat Sep 12 13:16:42 2026] [::1]:54296 [200]: GET /assets/images/logo.svg
[Sat Sep 12 13:16:42 2026] [::1]:64459 Accepted
[Sat Sep 12 13:16:42 2026] [::1]:63428 [200]: GET /uploads/covers/cover_1789054153_2d1533d2.png
[Sat Sep 12 13:16:42 2026] [::1]:64459 [200]: GET /assets/js/main.js?v=2
[Sat Sep 12 13:16:42 2026] [::1]:50530 Closing
[Sat Sep 12 13:16:42 2026] [::1]:54296 Closing
[Sat Sep 12 13:16:42 2026] [::1]:64459 Closing
[Sat Sep 12 13:16:42 2026] [::1]:63428 Closing
[Sat Sep 12 13:16:42 2026] [::1]:58086 Accepted
[Sat Sep 12 13:16:42 2026] [::1]:58086 [200]: GET /assets/images/logo-icon.svg
[Sat Sep 12 13:16:42 2026] [::1]:58086 Closing
[Sat Sep 12 13:16:46 2026] [::1]:63590 Accepted
[Sat Sep 12 13:16:46 2026] [::1]:63590 [200]: GET /sales.php?book_id=2
[Sat Sep 12 13:16:46 2026] [::1]:63590 Closing
[Sat Sep 12 13:16:46 2026] [::1]:55661 Accepted
[Sat Sep 12 13:16:46 2026] [::1]:62184 Accepted
[Sat Sep 12 13:16:46 2026] [::1]:55661 [200]: GET /assets/css/style.css?v=8
[Sat Sep 12 13:16:46 2026] [::1]:53697 Accepted
[Sat Sep 12 13:16:46 2026] [::1]:62184 [200]: GET /assets/images/logo.svg
[Sat Sep 12 13:16:46 2026] [::1]:53697 [200]: GET /assets/img/momo.png
[Sat Sep 12 13:16:46 2026] [::1]:55661 Closing
[Sat Sep 12 13:16:46 2026] [::1]:62184 Closing
[Sat Sep 12 13:16:46 2026] [::1]:53697 Closing
[Sat Sep 12 13:16:46 2026] [::1]:58465 Accepted
[Sat Sep 12 13:16:46 2026] [::1]:58465 [200]: GET /assets/js/main.js?v=2
[Sat Sep 12 13:16:46 2026] [::1]:58465 Closing
[Sat Sep 12 13:16:46 2026] [::1]:59157 Accepted
[Sat Sep 12 13:16:46 2026] [::1]:59157 [200]: GET /assets/images/logo-icon.svg
[Sat Sep 12 13:16:46 2026] [::1]:59157 Closing
[Sat Sep 12 13:16:53 2026] [::1]:59959 Accepted
[Sat Sep 12 13:16:53 2026] [::1]:59959 [200]: GET /subjects.php?level=secondary
[Sat Sep 12 13:16:53 2026] [::1]:59959 Closing
[Sat Sep 12 13:16:53 2026] [::1]:59935 Accepted
[Sat Sep 12 13:16:53 2026] [::1]:54185 Accepted
[Sat Sep 12 13:16:53 2026] [::1]:59935 [200]: GET /assets/css/style.css?v=8
[Sat Sep 12 13:16:53 2026] [::1]:54185 [200]: GET /assets/images/logo.svg
[Sat Sep 12 13:16:53 2026] [::1]:59935 Closing
[Sat Sep 12 13:16:53 2026] [::1]:54185 Closing
[Sat Sep 12 13:16:53 2026] [::1]:49231 Accepted
[Sat Sep 12 13:16:53 2026] [::1]:49231 [200]: GET /assets/js/main.js?v=2
[Sat Sep 12 13:16:53 2026] [::1]:49231 Closing
[Sat Sep 12 13:16:53 2026] [::1]:59586 Accepted
[Sat Sep 12 13:16:53 2026] [::1]:59586 [200]: GET /assets/images/logo-icon.svg
[Sat Sep 12 13:16:53 2026] [::1]:59586 Closing
[Sat Sep 12 13:16:54 2026] [::1]:61151 Accepted
[Sat Sep 12 13:16:55 2026] [::1]:61151 [200]: GET /index.php
[Sat Sep 12 13:16:55 2026] [::1]:61151 Closing
[Sat Sep 12 13:16:55 2026] [::1]:57320 Accepted
[Sat Sep 12 13:16:55 2026] [::1]:52301 Accepted
[Sat Sep 12 13:16:55 2026] [::1]:57320 [200]: GET /assets/css/style.css?v=8
[Sat Sep 12 13:16:55 2026] [::1]:53872 Accepted
[Sat Sep 12 13:16:55 2026] [::1]:52301 [200]: GET /assets/images/logo.svg
[Sat Sep 12 13:16:55 2026] [::1]:57482 Accepted
[Sat Sep 12 13:16:55 2026] [::1]:53872 [200]: GET /uploads/covers/cover_1789054153_2d1533d2.png
[Sat Sep 12 13:16:55 2026] [::1]:57482 [200]: GET /assets/js/main.js?v=2
[Sat Sep 12 13:16:55 2026] [::1]:57320 Closing
[Sat Sep 12 13:16:55 2026] [::1]:52301 Closing
[Sat Sep 12 13:16:55 2026] [::1]:57482 Closing
[Sat Sep 12 13:16:55 2026] [::1]:53872 Closing
[Sat Sep 12 13:16:55 2026] [::1]:63938 Accepted
[Sat Sep 12 13:16:55 2026] [::1]:63938 [200]: GET /assets/images/logo-icon.svg
[Sat Sep 12 13:16:55 2026] [::1]:63938 Closing
[Sat Sep 12 13:16:58 2026] [::1]:61565 Accepted
[Sat Sep 12 13:16:58 2026] [::1]:61565 [200]: GET /account.php
[Sat Sep 12 13:16:58 2026] [::1]:61565 Closing
[Sat Sep 12 13:16:58 2026] [::1]:58344 Accepted
[Sat Sep 12 13:16:58 2026] [::1]:49775 Accepted
[Sat Sep 12 13:16:58 2026] [::1]:58344 [200]: GET /assets/css/style.css?v=8
[Sat Sep 12 13:16:58 2026] [::1]:63071 Accepted
[Sat Sep 12 13:16:58 2026] [::1]:49775 [200]: GET /assets/images/logo.svg
[Sat Sep 12 13:16:58 2026] [::1]:49392 Accepted
[Sat Sep 12 13:16:58 2026] [::1]:63071 [200]: GET /uploads/covers/cover_1789054153_2d1533d2.png
[Sat Sep 12 13:16:58 2026] [::1]:49392 [200]: GET /assets/js/main.js?v=2
[Sat Sep 12 13:16:58 2026] [::1]:58344 Closing
[Sat Sep 12 13:16:58 2026] [::1]:49775 Closing
[Sat Sep 12 13:16:58 2026] [::1]:49392 Closing
[Sat Sep 12 13:16:58 2026] [::1]:63071 Closing
[Sat Sep 12 13:16:58 2026] [::1]:50854 Accepted
[Sat Sep 12 13:16:58 2026] [::1]:50854 [200]: GET /assets/images/logo-icon.svg
[Sat Sep 12 13:16:58 2026] [::1]:50854 Closing
[Sat Sep 12 13:17:09 2026] [::1]:63625 Accepted
[Sat Sep 12 13:17:10 2026] [::1]:63625 [200]: GET /index.php
[Sat Sep 12 13:17:10 2026] [::1]:63625 Closing
[Sat Sep 12 13:17:10 2026] [::1]:60042 Accepted
[Sat Sep 12 13:17:10 2026] [::1]:57516 Accepted
[Sat Sep 12 13:17:10 2026] [::1]:60042 [200]: GET /assets/css/style.css?v=8
[Sat Sep 12 13:17:10 2026] [::1]:65420 Accepted
[Sat Sep 12 13:17:10 2026] [::1]:57516 [200]: GET /assets/images/logo.svg
[Sat Sep 12 13:17:10 2026] [::1]:65420 [200]: GET /uploads/covers/cover_1789054153_2d1533d2.png
[Sat Sep 12 13:17:10 2026] [::1]:54989 Accepted
[Sat Sep 12 13:17:10 2026] [::1]:60042 Closing
[Sat Sep 12 13:17:10 2026] [::1]:54989 [200]: GET /assets/js/main.js?v=2
[Sat Sep 12 13:17:10 2026] [::1]:57516 Closing
[Sat Sep 12 13:17:10 2026] [::1]:54989 Closing
[Sat Sep 12 13:17:10 2026] [::1]:65420 Closing
[Sat Sep 12 13:17:10 2026] [::1]:50547 Accepted
[Sat Sep 12 13:17:10 2026] [::1]:50547 [200]: GET /assets/images/logo-icon.svg
[Sat Sep 12 13:17:10 2026] [::1]:50547 Closing
[Sat Sep 12 13:17:16 2026] [::1]:59178 Accepted
[Sat Sep 12 13:17:17 2026] [::1]:59178 [200]: GET /account.php
[Sat Sep 12 13:17:17 2026] [::1]:59178 Closing
[Sat Sep 12 13:17:17 2026] [::1]:50894 Accepted
[Sat Sep 12 13:17:17 2026] [::1]:63407 Accepted
[Sat Sep 12 13:17:17 2026] [::1]:50894 [200]: GET /assets/css/style.css?v=8
[Sat Sep 12 13:17:17 2026] [::1]:57314 Accepted
[Sat Sep 12 13:17:17 2026] [::1]:63407 [200]: GET /assets/images/logo.svg
[Sat Sep 12 13:17:17 2026] [::1]:53865 Accepted
[Sat Sep 12 13:17:17 2026] [::1]:57314 [200]: GET /uploads/covers/cover_1789054153_2d1533d2.png
[Sat Sep 12 13:17:17 2026] [::1]:53865 [200]: GET /assets/js/main.js?v=2
[Sat Sep 12 13:17:17 2026] [::1]:50894 Closing
[Sat Sep 12 13:17:17 2026] [::1]:63407 Closing
[Sat Sep 12 13:17:17 2026] [::1]:53865 Closing
[Sat Sep 12 13:17:17 2026] [::1]:57314 Closing
[Sat Sep 12 13:17:17 2026] [::1]:53577 Accepted
[Sat Sep 12 13:17:17 2026] [::1]:53577 [200]: GET /assets/images/logo-icon.svg
[Sat Sep 12 13:17:17 2026] [::1]:53577 Closing
[Sat Sep 12 13:17:21 2026] [::1]:60424 Accepted
[Sat Sep 12 13:17:22 2026] [::1]:60424 [200]: GET /write-review.php?book_id=2&order_id=2
[Sat Sep 12 13:17:22 2026] [::1]:60424 Closing
[Sat Sep 12 13:17:22 2026] [::1]:56032 Accepted
[Sat Sep 12 13:17:22 2026] [::1]:52630 Accepted
[Sat Sep 12 13:17:22 2026] [::1]:56032 [200]: GET /assets/css/style.css?v=8
[Sat Sep 12 13:17:22 2026] [::1]:52630 [200]: GET /assets/images/logo.svg
[Sat Sep 12 13:17:22 2026] [::1]:56032 Closing
[Sat Sep 12 13:17:22 2026] [::1]:52630 Closing
[Sat Sep 12 13:17:22 2026] [::1]:62013 Accepted
[Sat Sep 12 13:17:22 2026] [::1]:62013 [200]: GET /assets/js/main.js?v=2
[Sat Sep 12 13:17:22 2026] [::1]:62013 Closing
[Sat Sep 12 13:17:22 2026] [::1]:57167 Accepted
[Sat Sep 12 13:17:22 2026] [::1]:57167 [200]: GET /assets/images/logo-icon.svg
[Sat Sep 12 13:17:22 2026] [::1]:57167 Closing
[Sat Sep 12 13:18:05 2026] [::1]:58533 Accepted
[Sat Sep 12 13:18:05 2026] [::1]:58533 [302]: POST /write-review.php?book_id=2&order_id=2
[Sat Sep 12 13:18:05 2026] [::1]:58533 Closing
[Sat Sep 12 13:18:05 2026] [::1]:62142 Accepted
[Sat Sep 12 13:18:06 2026] [::1]:62142 [200]: GET /account.php?review=submitted
[Sat Sep 12 13:18:06 2026] [::1]:62142 Closing
[Sat Sep 12 13:18:06 2026] [::1]:55587 Accepted
[Sat Sep 12 13:18:06 2026] [::1]:55397 Accepted
[Sat Sep 12 13:18:06 2026] [::1]:55587 [200]: GET /assets/css/style.css?v=8
[Sat Sep 12 13:18:06 2026] [::1]:56877 Accepted
[Sat Sep 12 13:18:06 2026] [::1]:55397 [200]: GET /assets/images/logo.svg
[Sat Sep 12 13:18:06 2026] [::1]:54350 Accepted
[Sat Sep 12 13:18:06 2026] [::1]:56877 [200]: GET /uploads/covers/cover_1789054153_2d1533d2.png
[Sat Sep 12 13:18:06 2026] [::1]:54350 [200]: GET /assets/js/main.js?v=2
[Sat Sep 12 13:18:06 2026] [::1]:55587 Closing
[Sat Sep 12 13:18:06 2026] [::1]:55397 Closing
[Sat Sep 12 13:18:06 2026] [::1]:54350 Closing
[Sat Sep 12 13:18:06 2026] [::1]:56877 Closing
[Sat Sep 12 13:18:06 2026] [::1]:59774 Accepted
[Sat Sep 12 13:18:06 2026] [::1]:59774 [200]: GET /assets/images/logo-icon.svg
[Sat Sep 12 13:18:06 2026] [::1]:59774 Closing
[Sat Sep 12 13:18:12 2026] [::1]:58461 Accepted
[Sat Sep 12 13:18:13 2026] [::1]:58461 [200]: GET /admin/reviews.php
[Sat Sep 12 13:18:13 2026] [::1]:58461 Closing
[Sat Sep 12 13:18:13 2026] [::1]:49326 Accepted
[Sat Sep 12 13:18:13 2026] [::1]:49326 [200]: GET /assets/css/style.css?v=8
[Sat Sep 12 13:18:13 2026] [::1]:49326 Closing
[Sat Sep 12 13:18:15 2026] [::1]:60051 Accepted
[Sat Sep 12 13:18:15 2026] [::1]:60051 [302]: POST /admin/reviews.php
[Sat Sep 12 13:18:15 2026] [::1]:60051 Closing
[Sat Sep 12 13:18:15 2026] [::1]:54337 Accepted
[Sat Sep 12 13:18:15 2026] [::1]:54337 [200]: GET /admin/reviews.php
[Sat Sep 12 13:18:15 2026] [::1]:54337 Closing
[Sat Sep 12 13:18:16 2026] [::1]:60511 Accepted
[Sat Sep 12 13:18:16 2026] [::1]:60511 [200]: GET /assets/css/style.css?v=8
[Sat Sep 12 13:18:16 2026] [::1]:60511 Closing
[Sat Sep 12 13:18:21 2026] [::1]:62435 Accepted
[Sat Sep 12 13:18:21 2026] [::1]:62435 [200]: GET /index.php
[Sat Sep 12 13:18:21 2026] [::1]:62435 Closing
[Sat Sep 12 13:18:21 2026] [::1]:59028 Accepted
[Sat Sep 12 13:18:21 2026] [::1]:55668 Accepted
[Sat Sep 12 13:18:21 2026] [::1]:59028 [200]: GET /assets/css/style.css?v=8
[Sat Sep 12 13:18:21 2026] [::1]:59331 Accepted
[Sat Sep 12 13:18:21 2026] [::1]:55668 [200]: GET /assets/images/logo.svg
[Sat Sep 12 13:18:21 2026] [::1]:63565 Accepted
[Sat Sep 12 13:18:21 2026] [::1]:59331 [200]: GET /uploads/covers/cover_1789054153_2d1533d2.png
[Sat Sep 12 13:18:21 2026] [::1]:63565 [200]: GET /assets/js/main.js?v=2
[Sat Sep 12 13:18:21 2026] [::1]:59028 Closing
[Sat Sep 12 13:18:21 2026] [::1]:55668 Closing
[Sat Sep 12 13:18:21 2026] [::1]:63565 Closing
[Sat Sep 12 13:18:21 2026] [::1]:59331 Closing
[Sat Sep 12 13:18:21 2026] [::1]:62917 Accepted
[Sat Sep 12 13:18:21 2026] [::1]:62917 [200]: GET /assets/images/logo-icon.svg
[Sat Sep 12 13:18:21 2026] [::1]:62917 Closing
[Sat Sep 12 13:18:54 2026] [::1]:58336 Accepted
[Sat Sep 12 13:18:54 2026] [::1]:58336 [200]: GET /admin/products.php
[Sat Sep 12 13:18:54 2026] [::1]:58336 Closing
[Sat Sep 12 13:18:54 2026] [::1]:51782 Accepted
[Sat Sep 12 13:18:54 2026] [::1]:51782 [200]: GET /assets/css/style.css?v=8
[Sat Sep 12 13:18:54 2026] [::1]:51782 Closing
[Sat Sep 12 13:18:54 2026] [::1]:55872 Accepted
[Sat Sep 12 13:18:54 2026] [::1]:55872 [200]: GET /uploads/covers/cover_1789054153_2d1533d2.png
[Sat Sep 12 13:18:54 2026] [::1]:55872 Closing
[Sat Sep 12 13:19:04 2026] [::1]:59261 Accepted
[Sat Sep 12 13:19:04 2026] [::1]:59261 [200]: GET /admin/product-edit.php?id=4
[Sat Sep 12 13:19:04 2026] [::1]:59261 Closing
[Sat Sep 12 13:19:04 2026] [::1]:59094 Accepted
[Sat Sep 12 13:19:04 2026] [::1]:59094 [200]: GET /assets/css/style.css?v=8
[Sat Sep 12 13:19:04 2026] [::1]:59094 Closing
[Sat Sep 12 13:19:13 2026] [::1]:60646 Accepted
[Sat Sep 12 13:19:14 2026] [::1]:60646 [200]: GET /admin/products.php
[Sat Sep 12 13:19:14 2026] [::1]:60646 Closing
[Sat Sep 12 13:19:14 2026] [::1]:51632 Accepted
[Sat Sep 12 13:19:14 2026] [::1]:51632 [200]: GET /assets/css/style.css?v=8
[Sat Sep 12 13:19:14 2026] [::1]:51632 Closing
[Sat Sep 12 13:19:14 2026] [::1]:56465 Accepted
[Sat Sep 12 13:19:14 2026] [::1]:56465 [200]: GET /uploads/covers/cover_1789054153_2d1533d2.png
[Sat Sep 12 13:19:14 2026] [::1]:56465 Closing
[Sat Sep 12 13:24:44 2026] [::1]:51957 Accepted
[Sat Sep 12 13:24:44 2026] [::1]:51957 [302]: POST /admin/login.php
[Sat Sep 12 13:24:44 2026] [::1]:51957 Closing
[Sat Sep 12 13:24:44 2026] [::1]:51959 Accepted
[Sat Sep 12 13:24:44 2026] [::1]:51959 [302]: POST /admin/delete-product.php
[Sat Sep 12 13:24:44 2026] [::1]:51959 Closing
[Sat Sep 12 13:24:44 2026] [::1]:51961 Accepted
[Sat Sep 12 13:24:44 2026] [::1]:51961 [200]: GET /admin/products.php?deleted=1
[Sat Sep 12 13:24:44 2026] [::1]:51961 Closing
[Sat Sep 12 13:25:36 2026] [::1]:57822 Accepted
[Sat Sep 12 13:25:36 2026] [::1]:57822 [200]: GET /admin/products.php
[Sat Sep 12 13:25:36 2026] [::1]:57822 Closing
[Sat Sep 12 13:25:36 2026] [::1]:59648 Accepted
[Sat Sep 12 13:25:36 2026] [::1]:59648 [200]: GET /assets/css/style.css?v=9
[Sat Sep 12 13:25:36 2026] [::1]:59648 Closing
[Sat Sep 12 13:25:36 2026] [::1]:54801 Accepted
[Sat Sep 12 13:25:36 2026] [::1]:54801 [200]: GET /uploads/covers/cover_1789054153_2d1533d2.png
[Sat Sep 12 13:25:36 2026] [::1]:54801 Closing
[Sat Sep 12 13:26:07 2026] [::1]:56244 Accepted
[Sat Sep 12 13:26:07 2026] [::1]:56244 [302]: POST /admin/delete-product.php
[Sat Sep 12 13:26:07 2026] [::1]:56244 Closing
[Sat Sep 12 13:26:07 2026] [::1]:52879 Accepted
[Sat Sep 12 13:26:07 2026] [::1]:52879 [200]: GET /admin/products.php?deleted=1
[Sat Sep 12 13:26:07 2026] [::1]:52879 Closing
[Sat Sep 12 13:26:07 2026] [::1]:57848 Accepted
[Sat Sep 12 13:26:07 2026] [::1]:57848 [200]: GET /assets/css/style.css?v=9
[Sat Sep 12 13:26:07 2026] [::1]:57848 Closing
[Sat Sep 12 13:26:07 2026] [::1]:57008 Accepted
[Sat Sep 12 13:26:07 2026] [::1]:57008 [200]: GET /uploads/covers/cover_1789054153_2d1533d2.png
[Sat Sep 12 13:26:07 2026] [::1]:57008 Closing
[Sat Sep 12 13:26:14 2026] [::1]:54891 Accepted
[Sat Sep 12 13:26:15 2026] [::1]:54891 [200]: GET /index.php
[Sat Sep 12 13:26:15 2026] [::1]:54891 Closing
[Sat Sep 12 13:26:15 2026] [::1]:54367 Accepted
[Sat Sep 12 13:26:15 2026] [::1]:49668 Accepted
[Sat Sep 12 13:26:15 2026] [::1]:54367 [200]: GET /assets/css/style.css?v=9
[Sat Sep 12 13:26:15 2026] [::1]:65486 Accepted
[Sat Sep 12 13:26:15 2026] [::1]:49668 [200]: GET /assets/images/logo.svg
[Sat Sep 12 13:26:15 2026] [::1]:65486 [200]: GET /uploads/covers/cover_1789054153_2d1533d2.png
[Sat Sep 12 13:26:15 2026] [::1]:54367 Closing
[Sat Sep 12 13:26:15 2026] [::1]:50012 Accepted
[Sat Sep 12 13:26:15 2026] [::1]:49668 Closing
[Sat Sep 12 13:26:15 2026] [::1]:50012 [200]: GET /assets/js/main.js?v=2
[Sat Sep 12 13:26:15 2026] [::1]:50012 Closing
[Sat Sep 12 13:26:15 2026] [::1]:65486 Closing
[Sat Sep 12 13:26:15 2026] [::1]:59146 Accepted
[Sat Sep 12 13:26:15 2026] [::1]:59146 [200]: GET /assets/images/logo-icon.svg
[Sat Sep 12 13:26:15 2026] [::1]:59146 Closing
[Sat Sep 12 13:27:33 2026] [::1]:54232 Accepted
[Sat Sep 12 13:27:33 2026] [::1]:54232 [200]: GET /assets/css/style.css?v=9
[Sat Sep 12 13:27:33 2026] [::1]:54232 Closing
[Sat Sep 12 13:27:33 2026] [::1]:59269 Accepted
[Sat Sep 12 13:27:33 2026] [::1]:59269 [404]: GET /.well-known/appspecific/com.chrome.devtools.json - No such file or directory
[Sat Sep 12 13:27:33 2026] [::1]:59269 Closing
[Sat Sep 12 13:33:16 2026] [::1]:64544 Accepted
[Sat Sep 12 13:33:17 2026] [::1]:64544 [200]: GET /admin/products.php?deleted=1
[Sat Sep 12 13:33:17 2026] [::1]:64544 Closing
[Sat Sep 12 13:33:17 2026] [::1]:51884 Accepted
[Sat Sep 12 13:33:17 2026] [::1]:51884 [200]: GET /assets/css/style.css?v=9
[Sat Sep 12 13:33:17 2026] [::1]:51884 Closing
[Sat Sep 12 13:33:17 2026] [::1]:63793 Accepted
[Sat Sep 12 13:33:17 2026] [::1]:63793 [200]: GET /uploads/covers/cover_1789054153_2d1533d2.png
[Sat Sep 12 13:33:17 2026] [::1]:63793 Closing
[Sat Sep 12 13:33:21 2026] [::1]:58007 Accepted
[Sat Sep 12 13:33:22 2026] [::1]:58007 [200]: GET /admin/subjects.php
[Sat Sep 12 13:33:22 2026] [::1]:58007 Closing
[Sat Sep 12 13:33:22 2026] [::1]:50257 Accepted
[Sat Sep 12 13:33:22 2026] [::1]:50257 [200]: GET /assets/css/style.css?v=9
[Sat Sep 12 13:33:22 2026] [::1]:50257 Closing
[Sat Sep 12 13:33:33 2026] [::1]:59849 Accepted
[Sat Sep 12 13:33:34 2026] [::1]:59849 [200]: GET /admin/products.php
[Sat Sep 12 13:33:34 2026] [::1]:59849 Closing
[Sat Sep 12 13:33:34 2026] [::1]:51786 Accepted
[Sat Sep 12 13:33:34 2026] [::1]:51786 [200]: GET /assets/css/style.css?v=9
[Sat Sep 12 13:33:34 2026] [::1]:51786 Closing
[Sat Sep 12 13:33:34 2026] [::1]:52746 Accepted
[Sat Sep 12 13:33:34 2026] [::1]:52746 [200]: GET /uploads/covers/cover_1789054153_2d1533d2.png
[Sat Sep 12 13:33:34 2026] [::1]:52746 Closing
[Sat Sep 12 13:33:35 2026] [::1]:62677 Accepted
[Sat Sep 12 13:33:35 2026] [::1]:62677 [200]: GET /admin/orders.php
[Sat Sep 12 13:33:35 2026] [::1]:62677 Closing
[Sat Sep 12 13:33:35 2026] [::1]:53508 Accepted
[Sat Sep 12 13:33:35 2026] [::1]:53508 [200]: GET /assets/css/style.css?v=9
[Sat Sep 12 13:33:35 2026] [::1]:53508 Closing
[Sat Sep 12 13:33:41 2026] [::1]:61275 Accepted
[Sat Sep 12 13:33:42 2026] [::1]:61275 [200]: GET /admin/dashboard.php
[Sat Sep 12 13:33:42 2026] [::1]:61275 Closing
[Sat Sep 12 13:33:42 2026] [::1]:51886 Accepted
[Sat Sep 12 13:33:42 2026] [::1]:51886 [200]: GET /assets/css/style.css?v=10
[Sat Sep 12 13:33:42 2026] [::1]:51886 Closing
[Sat Sep 12 13:33:50 2026] [::1]:62573 Accepted
[Sat Sep 12 13:33:50 2026] [::1]:62573 [200]: GET /index.php
[Sat Sep 12 13:33:50 2026] [::1]:62573 Closing
[Sat Sep 12 13:33:55 2026] [::1]:53001 Accepted
[Sat Sep 12 13:33:55 2026] [::1]:53001 [200]: GET /index.php
[Sat Sep 12 13:33:55 2026] [::1]:53001 Closing
[Sat Sep 12 13:33:56 2026] [::1]:58840 Accepted
[Sat Sep 12 13:33:56 2026] [::1]:58841 Accepted
[Sat Sep 12 13:33:56 2026] [::1]:58841 [200]: GET /all-books.php
[Sat Sep 12 13:33:56 2026] [::1]:58841 Closing
[Sat Sep 12 13:33:56 2026] [::1]:62870 Accepted
[Sat Sep 12 13:33:56 2026] [::1]:58840 [200]: GET /admin/order-view.php?id=4
[Sat Sep 12 13:33:56 2026] [::1]:58840 Closing
[Sat Sep 12 13:33:56 2026] [::1]:62870 [200]: GET /assets/css/style.css?v=10
[Sat Sep 12 13:33:56 2026] [::1]:62870 Closing
[Sat Sep 12 13:34:15 2026] [::1]:52616 Accepted
[Sat Sep 12 13:34:15 2026] [::1]:52616 [302]: POST /admin/order-view.php?id=4
[Sat Sep 12 13:34:15 2026] [::1]:52616 Closing
[Sat Sep 12 13:34:15 2026] [::1]:61896 Accepted
[Sat Sep 12 13:34:15 2026] [::1]:61896 [200]: GET /admin/orders.php
[Sat Sep 12 13:34:15 2026] [::1]:61896 Closing
[Sat Sep 12 13:34:15 2026] [::1]:51142 Accepted
[Sat Sep 12 13:34:15 2026] [::1]:51142 [200]: GET /assets/css/style.css?v=10
[Sat Sep 12 13:34:15 2026] [::1]:51142 Closing
[Sat Sep 12 13:34:18 2026] [::1]:50640 Accepted
[Sat Sep 12 13:34:18 2026] [::1]:50640 [200]: GET /admin/dashboard.php
[Sat Sep 12 13:34:18 2026] [::1]:50640 Closing
[Sat Sep 12 13:34:18 2026] [::1]:61245 Accepted
[Sat Sep 12 13:34:18 2026] [::1]:61245 [200]: GET /assets/css/style.css?v=10
[Sat Sep 12 13:34:18 2026] [::1]:61245 Closing
[Sat Sep 12 13:35:20 2026] [::1]:59437 Accepted
[Sat Sep 12 13:35:20 2026] [::1]:59437 [200]: GET /index.php
[Sat Sep 12 13:35:20 2026] [::1]:59437 Closing
[Sat Sep 12 13:36:05 2026] [::1]:61495 Accepted
[Sat Sep 12 13:36:05 2026] [::1]:61495 [200]: GET /index.php
[Sat Sep 12 13:36:05 2026] [::1]:61495 Closing
[Sat Sep 12 13:36:05 2026] [::1]:64273 Accepted
[Sat Sep 12 13:36:05 2026] [::1]:54928 Accepted
[Sat Sep 12 13:36:05 2026] [::1]:64273 [200]: GET /assets/css/style.css?v=11
[Sat Sep 12 13:36:05 2026] [::1]:54928 [200]: GET /assets/images/logo.svg
[Sat Sep 12 13:36:05 2026] [::1]:58814 Accepted
[Sat Sep 12 13:36:05 2026] [::1]:58814 [404]: GET /.well-known/appspecific/com.chrome.devtools.json - No such file or directory
[Sat Sep 12 13:36:05 2026] [::1]:64273 Closing
[Sat Sep 12 13:36:05 2026] [::1]:54928 Closing
[Sat Sep 12 13:36:05 2026] [::1]:58814 Closing
[Sat Sep 12 13:36:05 2026] [::1]:61178 Accepted
[Sat Sep 12 13:36:05 2026] [::1]:61178 [200]: GET /uploads/covers/cover_1789054153_2d1533d2.png
[Sat Sep 12 13:36:05 2026] [::1]:54602 Accepted
[Sat Sep 12 13:36:05 2026] [::1]:54602 [200]: GET /assets/js/main.js?v=2
[Sat Sep 12 13:36:05 2026] [::1]:54602 Closing
[Sat Sep 12 13:36:05 2026] [::1]:61178 Closing
[Sat Sep 12 13:36:06 2026] [::1]:59052 Accepted
[Sat Sep 12 13:36:06 2026] [::1]:59052 [200]: GET /assets/images/logo-icon.svg
[Sat Sep 12 13:36:06 2026] [::1]:59052 Closing
[Sat Sep 12 13:36:35 2026] [::1]:55269 Accepted
[Sat Sep 12 13:36:36 2026] [::1]:55269 [200]: GET /index.php
[Sat Sep 12 13:36:36 2026] [::1]:55269 Closing
[Sat Sep 12 13:36:36 2026] [::1]:56689 Accepted
[Sat Sep 12 13:36:36 2026] [::1]:54027 Accepted
[Sat Sep 12 13:36:36 2026] [::1]:56689 [200]: GET /assets/css/style.css?v=11
[Sat Sep 12 13:36:36 2026] [::1]:61355 Accepted
[Sat Sep 12 13:36:36 2026] [::1]:54027 [200]: GET /assets/images/logo.svg
[Sat Sep 12 13:36:36 2026] [::1]:60720 Accepted
[Sat Sep 12 13:36:36 2026] [::1]:61355 [200]: GET /uploads/covers/cover_1789054153_2d1533d2.png
[Sat Sep 12 13:36:36 2026] [::1]:60720 [200]: GET /assets/js/main.js?v=2
[Sat Sep 12 13:36:36 2026] [::1]:56689 Closing
[Sat Sep 12 13:36:36 2026] [::1]:54027 Closing
[Sat Sep 12 13:36:36 2026] [::1]:60720 Closing
[Sat Sep 12 13:36:36 2026] [::1]:61355 Closing
[Sat Sep 12 13:36:36 2026] [::1]:58104 Accepted
[Sat Sep 12 13:36:36 2026] [::1]:58104 [200]: GET /assets/images/logo-icon.svg
[Sat Sep 12 13:36:36 2026] [::1]:58104 Closing
[Sat Sep 12 13:37:21 2026] [::1]:58226 Accepted
[Sat Sep 12 13:37:22 2026] [::1]:58226 [200]: GET /all-books.php?level=secondary&sort=price-low
[Sat Sep 12 13:37:22 2026] [::1]:58226 Closing
[Sat Sep 12 13:37:31 2026] [::1]:58232 Accepted
[Sat Sep 12 13:37:31 2026] [::1]:58232 [200]: GET /all-books.php?q=geo
[Sat Sep 12 13:37:31 2026] [::1]:58232 Closing
[Sat Sep 12 13:37:31 2026] [::1]:58234 Accepted
[Sat Sep 12 13:37:31 2026] [::1]:58234 [200]: GET /assets/icons/search.svg
[Sat Sep 12 13:37:31 2026] [::1]:58234 Closing
[Sat Sep 12 13:38:19 2026] [::1]:53778 Accepted
[Sat Sep 12 13:38:20 2026] [::1]:53778 [200]: GET /all-books.php?q=geo
[Sat Sep 12 13:38:20 2026] [::1]:53778 Closing
[Sat Sep 12 13:40:47 2026] [::1]:58703 Accepted
[Sat Sep 12 13:40:47 2026] [::1]:58703 [200]: GET /all-books.php
[Sat Sep 12 13:40:47 2026] [::1]:58703 Closing
[Sat Sep 12 13:41:03 2026] [::1]:55372 Accepted
[Sat Sep 12 13:41:03 2026] [::1]:55372 [200]: GET /index.php
[Sat Sep 12 13:41:03 2026] [::1]:55372 Closing
[Sat Sep 12 13:41:03 2026] [::1]:50776 Accepted
[Sat Sep 12 13:41:03 2026] [::1]:64229 Accepted
[Sat Sep 12 13:41:03 2026] [::1]:50776 [200]: GET /assets/css/style.css?v=12
[Sat Sep 12 13:41:03 2026] [::1]:51681 Accepted
[Sat Sep 12 13:41:03 2026] [::1]:64229 [200]: GET /assets/images/logo.svg
[Sat Sep 12 13:41:03 2026] [::1]:55740 Accepted
[Sat Sep 12 13:41:03 2026] [::1]:51681 [200]: GET /uploads/covers/cover_1789054153_2d1533d2.png
[Sat Sep 12 13:41:03 2026] [::1]:55740 [200]: GET /assets/js/main.js?v=2
[Sat Sep 12 13:41:03 2026] [::1]:50776 Closing
[Sat Sep 12 13:41:03 2026] [::1]:64229 Closing
[Sat Sep 12 13:41:03 2026] [::1]:55740 Closing
[Sat Sep 12 13:41:03 2026] [::1]:51681 Closing
[Sat Sep 12 13:41:04 2026] [::1]:64721 Accepted
[Sat Sep 12 13:41:04 2026] [::1]:64721 [200]: GET /assets/images/logo-icon.svg
[Sat Sep 12 13:41:04 2026] [::1]:64721 Closing
[Sat Sep 12 13:41:06 2026] [::1]:55208 Accepted
[Sat Sep 12 13:41:07 2026] [::1]:55208 [200]: GET /index.php
[Sat Sep 12 13:41:07 2026] [::1]:55208 Closing
[Sat Sep 12 13:41:07 2026] [::1]:59299 Accepted
[Sat Sep 12 13:41:07 2026] [::1]:54117 Accepted
[Sat Sep 12 13:41:07 2026] [::1]:59299 [200]: GET /assets/css/style.css?v=12
[Sat Sep 12 13:41:07 2026] [::1]:59424 Accepted
[Sat Sep 12 13:41:07 2026] [::1]:54117 [200]: GET /assets/images/logo.svg
[Sat Sep 12 13:41:07 2026] [::1]:61229 Accepted
[Sat Sep 12 13:41:07 2026] [::1]:59424 [200]: GET /uploads/covers/cover_1789054153_2d1533d2.png
[Sat Sep 12 13:41:07 2026] [::1]:61229 [200]: GET /assets/js/main.js?v=2
[Sat Sep 12 13:41:07 2026] [::1]:59299 Closing
[Sat Sep 12 13:41:07 2026] [::1]:54117 Closing
[Sat Sep 12 13:41:07 2026] [::1]:61229 Closing
[Sat Sep 12 13:41:07 2026] [::1]:59424 Closing
[Sat Sep 12 13:41:07 2026] [::1]:51448 Accepted
[Sat Sep 12 13:41:07 2026] [::1]:51448 [200]: GET /assets/images/logo-icon.svg
[Sat Sep 12 13:41:07 2026] [::1]:51448 Closing
[Sat Sep 12 13:42:04 2026] [::1]:63643 Accepted
[Sat Sep 12 13:42:04 2026] [::1]:63643 [200]: GET /assets/css/style.css?v=12
[Sat Sep 12 13:42:04 2026] [::1]:63643 Closing
[Sat Sep 12 13:42:04 2026] [::1]:59838 Accepted
[Sat Sep 12 13:42:04 2026] [::1]:59838 [404]: GET /.well-known/appspecific/com.chrome.devtools.json - No such file or directory
[Sat Sep 12 13:42:04 2026] [::1]:59838 Closing
[Sat Sep 12 13:42:17 2026] [::1]:49672 Accepted
[Sat Sep 12 13:42:17 2026] [::1]:49672 [200]: GET /all-books.php
[Sat Sep 12 13:42:17 2026] [::1]:49672 Closing
[Sat Sep 12 13:42:21 2026] [::1]:65458 Accepted
[Sat Sep 12 13:42:21 2026] [::1]:65458 [200]: GET /admin/products.php
[Sat Sep 12 13:42:21 2026] [::1]:65458 Closing
[Sat Sep 12 13:42:21 2026] [::1]:52917 Accepted
[Sat Sep 12 13:42:21 2026] [::1]:52917 [200]: GET /assets/css/style.css?v=12
[Sat Sep 12 13:42:21 2026] [::1]:52917 Closing
[Sat Sep 12 13:42:21 2026] [::1]:63291 Accepted
[Sat Sep 12 13:42:21 2026] [::1]:63291 [200]: GET /uploads/covers/cover_1789054153_2d1533d2.png
[Sat Sep 12 13:42:21 2026] [::1]:63291 Closing
[Sat Sep 12 13:42:26 2026] [::1]:61644 Accepted
[Sat Sep 12 13:42:26 2026] [::1]:61644 [200]: GET /admin/product-edit.php
[Sat Sep 12 13:42:26 2026] [::1]:61644 Closing
[Sat Sep 12 13:42:26 2026] [::1]:56665 Accepted
[Sat Sep 12 13:42:26 2026] [::1]:56665 [200]: GET /assets/css/style.css?v=12
[Sat Sep 12 13:42:26 2026] [::1]:56665 Closing
[Sat Sep 12 13:42:53 2026] [::1]:55602 Accepted
[Sat Sep 12 13:42:53 2026] [::1]:55602 [302]: POST /admin/product-edit.php
[Sat Sep 12 13:42:53 2026] [::1]:55602 Closing
[Sat Sep 12 13:42:53 2026] [::1]:57828 Accepted
[Sat Sep 12 13:42:53 2026] [::1]:57828 [200]: GET /admin/products.php
[Sat Sep 12 13:42:53 2026] [::1]:57828 Closing
[Sat Sep 12 13:42:53 2026] [::1]:52580 Accepted
[Sat Sep 12 13:42:53 2026] [::1]:52580 [200]: GET /assets/css/style.css?v=12
[Sat Sep 12 13:42:53 2026] [::1]:52580 Closing
[Sat Sep 12 13:42:53 2026] [::1]:62787 Accepted
[Sat Sep 12 13:42:53 2026] [::1]:62787 [200]: GET /uploads/covers/cover_1789054153_2d1533d2.png
[Sat Sep 12 13:42:53 2026] [::1]:62787 Closing
[Sat Sep 12 13:42:58 2026] [::1]:55089 Accepted
[Sat Sep 12 13:42:58 2026] [::1]:55089 [200]: GET /admin/product-edit.php
[Sat Sep 12 13:42:58 2026] [::1]:55089 Closing
[Sat Sep 12 13:42:58 2026] [::1]:63392 Accepted
[Sat Sep 12 13:42:58 2026] [::1]:63392 [200]: GET /assets/css/style.css?v=12
[Sat Sep 12 13:42:58 2026] [::1]:63392 Closing
[Sat Sep 12 13:43:16 2026] [::1]:62996 Accepted
[Sat Sep 12 13:43:16 2026] [::1]:62996 [302]: POST /admin/product-edit.php
[Sat Sep 12 13:43:16 2026] [::1]:62996 Closing
[Sat Sep 12 13:43:16 2026] [::1]:53540 Accepted
[Sat Sep 12 13:43:17 2026] [::1]:53540 [200]: GET /admin/products.php
[Sat Sep 12 13:43:17 2026] [::1]:53540 Closing
[Sat Sep 12 13:43:17 2026] [::1]:61711 Accepted
[Sat Sep 12 13:43:17 2026] [::1]:64406 Accepted
[Sat Sep 12 13:43:17 2026] [::1]:61711 [200]: GET /assets/css/style.css?v=12
[Sat Sep 12 13:43:17 2026] [::1]:64406 [200]: GET /uploads/covers/cover_1789054153_2d1533d2.png
[Sat Sep 12 13:43:17 2026] [::1]:61711 Closing
[Sat Sep 12 13:43:17 2026] [::1]:64406 Closing
[Sat Sep 12 13:43:21 2026] [::1]:54458 Accepted
[Sat Sep 12 13:43:21 2026] [::1]:54458 [200]: GET /index.php
[Sat Sep 12 13:43:21 2026] [::1]:54458 Closing
[Sat Sep 12 13:43:21 2026] [::1]:63532 Accepted
[Sat Sep 12 13:43:21 2026] [::1]:51005 Accepted
[Sat Sep 12 13:43:21 2026] [::1]:63532 [200]: GET /assets/css/style.css?v=12
[Sat Sep 12 13:43:21 2026] [::1]:55089 Accepted
[Sat Sep 12 13:43:21 2026] [::1]:51005 [200]: GET /assets/images/logo.svg
[Sat Sep 12 13:43:21 2026] [::1]:55089 [404]: GET /.well-known/appspecific/com.chrome.devtools.json - No such file or directory
[Sat Sep 12 13:43:21 2026] [::1]:63532 Closing
[Sat Sep 12 13:43:21 2026] [::1]:55089 Closing
[Sat Sep 12 13:43:21 2026] [::1]:51005 Closing
[Sat Sep 12 13:43:21 2026] [::1]:60861 Accepted
[Sat Sep 12 13:43:21 2026] [::1]:60861 [200]: GET /uploads/covers/cover_1789054153_2d1533d2.png
[Sat Sep 12 13:43:21 2026] [::1]:60861 Closing
[Sat Sep 12 13:43:21 2026] [::1]:52409 Accepted
[Sat Sep 12 13:43:21 2026] [::1]:52409 [200]: GET /assets/js/main.js?v=3
[Sat Sep 12 13:43:21 2026] [::1]:52409 Closing
[Sat Sep 12 13:43:22 2026] [::1]:55952 Accepted
[Sat Sep 12 13:43:22 2026] [::1]:55952 [200]: GET /assets/images/logo-icon.svg
[Sat Sep 12 13:43:22 2026] [::1]:55952 Closing
[Sat Sep 12 13:43:42 2026] [::1]:60795 Accepted
[Sat Sep 12 13:43:42 2026] [::1]:60795 [200]: GET /all-books.php
[Sat Sep 12 13:43:42 2026] [::1]:60795 Closing
[Sat Sep 12 13:43:42 2026] [::1]:52496 Accepted
[Sat Sep 12 13:43:42 2026] [::1]:63340 Accepted
[Sat Sep 12 13:43:42 2026] [::1]:52496 [200]: GET /assets/css/style.css?v=12
[Sat Sep 12 13:43:42 2026] [::1]:50732 Accepted
[Sat Sep 12 13:43:42 2026] [::1]:63340 [200]: GET /assets/images/logo.svg
[Sat Sep 12 13:43:42 2026] [::1]:50732 [404]: GET /.well-known/appspecific/com.chrome.devtools.json - No such file or directory
[Sat Sep 12 13:43:42 2026] [::1]:52496 Closing
[Sat Sep 12 13:43:42 2026] [::1]:50732 Closing
[Sat Sep 12 13:43:42 2026] [::1]:63340 Closing
[Sat Sep 12 13:43:42 2026] [::1]:55389 Accepted
[Sat Sep 12 13:43:42 2026] [::1]:55389 [200]: GET /uploads/covers/cover_1789054153_2d1533d2.png
[Sat Sep 12 13:43:42 2026] [::1]:55389 Closing
[Sat Sep 12 13:43:43 2026] [::1]:57835 Accepted
[Sat Sep 12 13:43:43 2026] [::1]:57835 [200]: GET /assets/js/main.js?v=3
[Sat Sep 12 13:43:43 2026] [::1]:57835 Closing
[Sat Sep 12 13:43:43 2026] [::1]:62757 Accepted
[Sat Sep 12 13:43:43 2026] [::1]:62757 [200]: GET /assets/images/logo-icon.svg
[Sat Sep 12 13:43:43 2026] [::1]:62757 Closing
[Sat Sep 12 13:44:04 2026] [::1]:51711 Accepted
[Sat Sep 12 13:44:04 2026] [::1]:51711 [200]: GET /all-books.php?level=primary&page=1
[Sat Sep 12 13:44:04 2026] [::1]:51711 Closing
[Sat Sep 12 13:44:04 2026] [::1]:49683 Accepted
[Sat Sep 12 13:44:04 2026] [::1]:60743 Accepted
[Sat Sep 12 13:44:04 2026] [::1]:49683 [200]: GET /assets/css/style.css?v=12
[Sat Sep 12 13:44:04 2026] [::1]:60743 [200]: GET /assets/images/logo.svg
[Sat Sep 12 13:44:04 2026] [::1]:49683 Closing
[Sat Sep 12 13:44:04 2026] [::1]:60743 Closing
[Sat Sep 12 13:44:04 2026] [::1]:57998 Accepted
[Sat Sep 12 13:44:04 2026] [::1]:57998 [200]: GET /assets/js/main.js?v=3
[Sat Sep 12 13:44:04 2026] [::1]:57998 Closing
[Sat Sep 12 13:44:04 2026] [::1]:50822 Accepted
[Sat Sep 12 13:44:04 2026] [::1]:50822 [200]: GET /assets/images/logo-icon.svg
[Sat Sep 12 13:44:04 2026] [::1]:50822 Closing
[Sat Sep 12 13:44:07 2026] [::1]:62385 Accepted
[Sat Sep 12 13:44:07 2026] [::1]:62385 [200]: GET /all-books.php?level=secondary&page=1
[Sat Sep 12 13:44:07 2026] [::1]:62385 Closing
[Sat Sep 12 13:44:07 2026] [::1]:53162 Accepted
[Sat Sep 12 13:44:07 2026] [::1]:58402 Accepted
[Sat Sep 12 13:44:07 2026] [::1]:53162 [200]: GET /assets/css/style.css?v=12
[Sat Sep 12 13:44:07 2026] [::1]:62570 Accepted
[Sat Sep 12 13:44:07 2026] [::1]:58402 [200]: GET /assets/images/logo.svg
[Sat Sep 12 13:44:07 2026] [::1]:54304 Accepted
[Sat Sep 12 13:44:07 2026] [::1]:62570 [200]: GET /uploads/covers/cover_1789054153_2d1533d2.png
[Sat Sep 12 13:44:07 2026] [::1]:54304 [200]: GET /assets/js/main.js?v=3
[Sat Sep 12 13:44:07 2026] [::1]:53162 Closing
[Sat Sep 12 13:44:07 2026] [::1]:58402 Closing
[Sat Sep 12 13:44:07 2026] [::1]:54304 Closing
[Sat Sep 12 13:44:07 2026] [::1]:62570 Closing
[Sat Sep 12 13:44:07 2026] [::1]:59794 Accepted
[Sat Sep 12 13:44:07 2026] [::1]:59794 [200]: GET /assets/images/logo-icon.svg
[Sat Sep 12 13:44:07 2026] [::1]:59794 Closing
[Sat Sep 12 13:44:19 2026] [::1]:57942 Accepted
[Sat Sep 12 13:44:19 2026] [::1]:57942 [200]: GET /all-books.php?q=&sort=title
[Sat Sep 12 13:44:19 2026] [::1]:57942 Closing
[Sat Sep 12 13:44:19 2026] [::1]:51962 Accepted
[Sat Sep 12 13:44:19 2026] [::1]:52519 Accepted
[Sat Sep 12 13:44:19 2026] [::1]:51962 [200]: GET /assets/css/style.css?v=12
[Sat Sep 12 13:44:19 2026] [::1]:56677 Accepted
[Sat Sep 12 13:44:19 2026] [::1]:52519 [200]: GET /assets/images/logo.svg
[Sat Sep 12 13:44:19 2026] [::1]:56677 [200]: GET /uploads/covers/cover_1789054153_2d1533d2.png
[Sat Sep 12 13:44:19 2026] [::1]:62808 Accepted
[Sat Sep 12 13:44:19 2026] [::1]:51962 Closing
[Sat Sep 12 13:44:19 2026] [::1]:62808 [200]: GET /assets/js/main.js?v=3
[Sat Sep 12 13:44:19 2026] [::1]:52519 Closing
[Sat Sep 12 13:44:19 2026] [::1]:62808 Closing
[Sat Sep 12 13:44:20 2026] [::1]:56677 Closing
[Sat Sep 12 13:44:20 2026] [::1]:58561 Accepted
[Sat Sep 12 13:44:20 2026] [::1]:58561 [200]: GET /assets/images/logo-icon.svg
[Sat Sep 12 13:44:20 2026] [::1]:58561 Closing
[Sat Sep 12 13:44:41 2026] [::1]:51477 Accepted
[Sat Sep 12 13:44:41 2026] [::1]:51477 [200]: GET /index.php
[Sat Sep 12 13:44:41 2026] [::1]:51477 Closing
[Sat Sep 12 13:44:41 2026] [::1]:60873 Accepted
[Sat Sep 12 13:44:41 2026] [::1]:62404 Accepted
[Sat Sep 12 13:44:41 2026] [::1]:60873 [200]: GET /assets/css/style.css?v=12
[Sat Sep 12 13:44:41 2026] [::1]:53989 Accepted
[Sat Sep 12 13:44:41 2026] [::1]:62404 [200]: GET /assets/images/logo.svg
[Sat Sep 12 13:44:41 2026] [::1]:53989 [200]: GET /uploads/covers/cover_1789054153_2d1533d2.png
[Sat Sep 12 13:44:41 2026] [::1]:54654 Accepted
[Sat Sep 12 13:44:41 2026] [::1]:60873 Closing
[Sat Sep 12 13:44:41 2026] [::1]:54654 [200]: GET /assets/js/main.js?v=3
[Sat Sep 12 13:44:41 2026] [::1]:62404 Closing
[Sat Sep 12 13:44:41 2026] [::1]:54654 Closing
[Sat Sep 12 13:44:41 2026] [::1]:53989 Closing
[Sat Sep 12 13:44:41 2026] [::1]:63302 Accepted
[Sat Sep 12 13:44:41 2026] [::1]:63302 [200]: GET /assets/images/logo-icon.svg
[Sat Sep 12 13:44:41 2026] [::1]:63302 Closing
[Sat Sep 12 13:46:37 2026] [::1]:54381 Accepted
[Sat Sep 12 13:46:37 2026] [::1]:54381 [200]: GET /index.php
[Sat Sep 12 13:46:37 2026] [::1]:54381 Closing
[Sat Sep 12 13:46:37 2026] [::1]:53411 Accepted
[Sat Sep 12 13:46:37 2026] [::1]:55069 Accepted
[Sat Sep 12 13:46:37 2026] [::1]:53411 [200]: GET /assets/css/style.css?v=12
[Sat Sep 12 13:46:37 2026] [::1]:51439 Accepted
[Sat Sep 12 13:46:37 2026] [::1]:55069 [200]: GET /assets/images/logo.svg
[Sat Sep 12 13:46:37 2026] [::1]:56111 Accepted
[Sat Sep 12 13:46:37 2026] [::1]:51439 [200]: GET /uploads/covers/cover_1789054153_2d1533d2.png
[Sat Sep 12 13:46:37 2026] [::1]:56111 [200]: GET /assets/js/main.js?v=3
[Sat Sep 12 13:46:37 2026] [::1]:53411 Closing
[Sat Sep 12 13:46:37 2026] [::1]:55069 Closing
[Sat Sep 12 13:46:37 2026] [::1]:56111 Closing
[Sat Sep 12 13:46:38 2026] [::1]:51439 Closing
[Sat Sep 12 13:46:38 2026] [::1]:60220 Accepted
[Sat Sep 12 13:46:38 2026] [::1]:60220 [200]: GET /assets/images/logo-icon.svg
[Sat Sep 12 13:46:38 2026] [::1]:60220 Closing
[Sat Sep 12 13:46:57 2026] [::1]:50840 Accepted
[Sat Sep 12 13:46:57 2026] [::1]:50840 [200]: GET /assets/css/style.css?v=12
[Sat Sep 12 13:46:57 2026] [::1]:50840 Closing
[Sat Sep 12 13:46:57 2026] [::1]:50945 Accepted
[Sat Sep 12 13:46:57 2026] [::1]:50945 [404]: GET /.well-known/appspecific/com.chrome.devtools.json - No such file or directory
[Sat Sep 12 13:46:57 2026] [::1]:50945 Closing
[Sat Sep 12 13:50:47 2026] [::1]:49249 Accepted
[Sat Sep 12 13:50:47 2026] [::1]:49249 [200]: GET /index.php
[Sat Sep 12 13:50:47 2026] [::1]:49249 Closing
[Sat Sep 12 13:50:52 2026] [::1]:49902 Accepted
[Sat Sep 12 13:50:52 2026] [::1]:49902 [200]: GET /index.php
[Sat Sep 12 13:50:52 2026] [::1]:49902 Closing
[Sat Sep 12 13:51:35 2026] [::1]:60621 Accepted
[Sat Sep 12 13:51:35 2026] [::1]:60621 [200]: GET /index.php
[Sat Sep 12 13:51:35 2026] [::1]:60621 Closing
[Sat Sep 12 13:51:35 2026] [::1]:53527 Accepted
[Sat Sep 12 13:51:35 2026] [::1]:55428 Accepted
[Sat Sep 12 13:51:35 2026] [::1]:53527 [200]: GET /assets/css/style.css?v=13
[Sat Sep 12 13:51:35 2026] [::1]:57099 Accepted
[Sat Sep 12 13:51:35 2026] [::1]:55428 [200]: GET /assets/images/logo.svg
[Sat Sep 12 13:51:35 2026] [::1]:59238 Accepted
[Sat Sep 12 13:51:35 2026] [::1]:57099 [200]: GET /uploads/covers/cover_1789054153_2d1533d2.png
[Sat Sep 12 13:51:35 2026] [::1]:59238 [200]: GET /assets/js/main.js?v=3
[Sat Sep 12 13:51:35 2026] [::1]:53527 Closing
[Sat Sep 12 13:51:35 2026] [::1]:55428 Closing
[Sat Sep 12 13:51:35 2026] [::1]:59238 Closing
[Sat Sep 12 13:51:35 2026] [::1]:57099 Closing
[Sat Sep 12 13:51:36 2026] [::1]:60463 Accepted
[Sat Sep 12 13:51:36 2026] [::1]:60463 [200]: GET /assets/images/logo-icon.svg
[Sat Sep 12 13:51:36 2026] [::1]:60463 Closing
[Sat Sep 12 13:51:42 2026] [::1]:53359 Accepted
[Sat Sep 12 13:51:42 2026] [::1]:53359 [200]: GET /assets/css/style.css?v=13
[Sat Sep 12 13:51:42 2026] [::1]:53359 Closing
[Sat Sep 12 13:51:42 2026] [::1]:49668 Accepted
[Sat Sep 12 13:51:42 2026] [::1]:49668 [404]: GET /.well-known/appspecific/com.chrome.devtools.json - No such file or directory
[Sat Sep 12 13:51:42 2026] [::1]:49668 Closing
[Sat Sep 12 13:51:59 2026] [::1]:64453 Accepted
[Sat Sep 12 13:51:59 2026] [::1]:64453 [200]: GET /all-books.php?q=history
[Sat Sep 12 13:51:59 2026] [::1]:64453 Closing
[Sat Sep 12 13:51:59 2026] [::1]:62811 Accepted
[Sat Sep 12 13:51:59 2026] [::1]:51514 Accepted
[Sat Sep 12 13:51:59 2026] [::1]:62811 [200]: GET /assets/css/style.css?v=13
[Sat Sep 12 13:51:59 2026] [::1]:51514 [200]: GET /assets/images/logo.svg
[Sat Sep 12 13:51:59 2026] [::1]:62811 Closing
[Sat Sep 12 13:51:59 2026] [::1]:51514 Closing
[Sat Sep 12 13:51:59 2026] [::1]:63319 Accepted
[Sat Sep 12 13:51:59 2026] [::1]:63319 [200]: GET /assets/js/main.js?v=3
[Sat Sep 12 13:51:59 2026] [::1]:63319 Closing
[Sat Sep 12 13:51:59 2026] [::1]:52938 Accepted
[Sat Sep 12 13:51:59 2026] [::1]:52938 [200]: GET /assets/images/logo-icon.svg
[Sat Sep 12 13:51:59 2026] [::1]:52938 Closing
[Sat Sep 12 13:52:11 2026] [::1]:52609 Accepted
[Sat Sep 12 13:52:11 2026] [::1]:52609 [200]: GET /index.php
[Sat Sep 12 13:52:11 2026] [::1]:52609 Closing
[Sat Sep 12 13:52:11 2026] [::1]:54420 Accepted
[Sat Sep 12 13:52:11 2026] [::1]:49668 Accepted
[Sat Sep 12 13:52:11 2026] [::1]:54420 [200]: GET /assets/css/style.css?v=13
[Sat Sep 12 13:52:11 2026] [::1]:61995 Accepted
[Sat Sep 12 13:52:11 2026] [::1]:49668 [200]: GET /assets/images/logo.svg
[Sat Sep 12 13:52:11 2026] [::1]:61422 Accepted
[Sat Sep 12 13:52:11 2026] [::1]:61995 [200]: GET /uploads/covers/cover_1789054153_2d1533d2.png
[Sat Sep 12 13:52:11 2026] [::1]:61422 [200]: GET /assets/js/main.js?v=3
[Sat Sep 12 13:52:11 2026] [::1]:54420 Closing
[Sat Sep 12 13:52:11 2026] [::1]:49668 Closing
[Sat Sep 12 13:52:11 2026] [::1]:61422 Closing
[Sat Sep 12 13:52:11 2026] [::1]:61995 Closing
[Sat Sep 12 13:52:11 2026] [::1]:62697 Accepted
[Sat Sep 12 13:52:11 2026] [::1]:62697 [200]: GET /assets/images/logo-icon.svg
[Sat Sep 12 13:52:11 2026] [::1]:62697 Closing
[Sat Sep 12 13:52:54 2026] [::1]:51962 Accepted
[Sat Sep 12 13:52:54 2026] [::1]:51962 [200]: GET /assets/css/style.css?v=13
[Sat Sep 12 13:52:54 2026] [::1]:51962 Closing
[Sat Sep 12 13:52:54 2026] [::1]:54940 Accepted
[Sat Sep 12 13:52:54 2026] [::1]:54940 [404]: GET /.well-known/appspecific/com.chrome.devtools.json - No such file or directory
[Sat Sep 12 13:52:54 2026] [::1]:54940 Closing
[Sat Sep 12 13:58:10 2026] [::1]:53916 Accepted
[Sat Sep 12 13:58:11 2026] [::1]:53916 [200]: GET /index.php
[Sat Sep 12 13:58:11 2026] [::1]:53916 Closing
[Sat Sep 12 13:58:34 2026] [::1]:49771 Accepted
[Sat Sep 12 13:58:34 2026] [::1]:49771 [200]: GET /index.php
[Sat Sep 12 13:58:34 2026] [::1]:49771 Closing
[Sat Sep 12 13:58:34 2026] [::1]:64517 Accepted
[Sat Sep 12 13:58:34 2026] [::1]:65270 Accepted
[Sat Sep 12 13:58:34 2026] [::1]:64517 [200]: GET /assets/css/style.css?v=14
[Sat Sep 12 13:58:34 2026] [::1]:63973 Accepted
[Sat Sep 12 13:58:34 2026] [::1]:65270 [200]: GET /assets/images/logo-icon.svg
[Sat Sep 12 13:58:34 2026] [::1]:63973 [200]: GET /assets/images/logo.svg
[Sat Sep 12 13:58:34 2026] [::1]:64517 Closing
[Sat Sep 12 13:58:34 2026] [::1]:65270 Closing
[Sat Sep 12 13:58:34 2026] [::1]:56427 Accepted
[Sat Sep 12 13:58:34 2026] [::1]:63973 Closing
[Sat Sep 12 13:58:34 2026] [::1]:60492 Accepted
[Sat Sep 12 13:58:34 2026] [::1]:56427 [200]: GET /uploads/covers/cover_1789054153_2d1533d2.png
[Sat Sep 12 13:58:34 2026] [::1]:60492 [200]: GET /assets/js/main.js?v=3
[Sat Sep 12 13:58:34 2026] [::1]:60492 Closing
[Sat Sep 12 13:58:34 2026] [::1]:56904 Accepted
[Sat Sep 12 13:58:34 2026] [::1]:56904 [404]: GET /.well-known/appspecific/com.chrome.devtools.json - No such file or directory
[Sat Sep 12 13:58:34 2026] [::1]:56904 Closing
[Sat Sep 12 13:58:34 2026] [::1]:56427 Closing
[Sat Sep 12 13:58:34 2026] [::1]:58981 Accepted
[Sat Sep 12 13:58:34 2026] [::1]:58981 [200]: GET /assets/images/logo-icon.svg
[Sat Sep 12 13:58:34 2026] [::1]:58981 Closing
[Sat Sep 12 13:58:55 2026] [::1]:63958 Accepted
[Sat Sep 12 13:58:55 2026] [::1]:63958 [200]: GET /index.php
[Sat Sep 12 13:58:55 2026] [::1]:63958 Closing
[Sat Sep 12 13:58:55 2026] [::1]:52234 Accepted
[Sat Sep 12 13:58:55 2026] [::1]:49919 Accepted
[Sat Sep 12 13:58:55 2026] [::1]:52234 [200]: GET /assets/css/style.css?v=14
[Sat Sep 12 13:58:55 2026] [::1]:57712 Accepted
[Sat Sep 12 13:58:55 2026] [::1]:49919 [200]: GET /assets/images/logo.svg
[Sat Sep 12 13:58:55 2026] [::1]:57043 Accepted
[Sat Sep 12 13:58:55 2026] [::1]:57712 [200]: GET /assets/images/logo-icon.svg
[Sat Sep 12 13:58:55 2026] [::1]:65342 Accepted
[Sat Sep 12 13:58:55 2026] [::1]:57043 [200]: GET /uploads/covers/cover_1789054153_2d1533d2.png
[Sat Sep 12 13:58:55 2026] [::1]:52234 Closing
[Sat Sep 12 13:58:55 2026] [::1]:65342 [200]: GET /assets/js/main.js?v=3
[Sat Sep 12 13:58:55 2026] [::1]:49919 Closing
[Sat Sep 12 13:58:55 2026] [::1]:57712 Closing
[Sat Sep 12 13:58:55 2026] [::1]:65342 Closing
[Sat Sep 12 13:58:55 2026] [::1]:57043 Closing
[Sat Sep 12 13:58:55 2026] [::1]:63128 Accepted
[Sat Sep 12 13:58:55 2026] [::1]:63128 [200]: GET /assets/images/logo-icon.svg
[Sat Sep 12 13:58:55 2026] [::1]:63128 Closing
[Sat Sep 12 14:00:05 2026] [::1]:63598 Accepted
[Sat Sep 12 14:00:06 2026] [::1]:63598 [200]: GET /index.php
[Sat Sep 12 14:00:06 2026] [::1]:63598 Closing
[Sat Sep 12 14:00:19 2026] [::1]:54408 Accepted
[Sat Sep 12 14:00:19 2026] [::1]:54408 [200]: GET /index.php
[Sat Sep 12 14:00:19 2026] [::1]:54408 Closing
[Sat Sep 12 14:00:19 2026] [::1]:49709 Accepted
[Sat Sep 12 14:00:19 2026] [::1]:54457 Accepted
[Sat Sep 12 14:00:19 2026] [::1]:49709 [200]: GET /assets/css/style.css?v=15
[Sat Sep 12 14:00:19 2026] [::1]:58954 Accepted
[Sat Sep 12 14:00:19 2026] [::1]:54457 [200]: GET /assets/images/logo.svg
[Sat Sep 12 14:00:19 2026] [::1]:56739 Accepted
[Sat Sep 12 14:00:19 2026] [::1]:58954 [200]: GET /assets/images/logo-icon.svg
[Sat Sep 12 14:00:19 2026] [::1]:62693 Accepted
[Sat Sep 12 14:00:19 2026] [::1]:56739 [200]: GET /uploads/covers/cover_1789054153_2d1533d2.png
[Sat Sep 12 14:00:19 2026] [::1]:49709 Closing
[Sat Sep 12 14:00:19 2026] [::1]:62693 [200]: GET /assets/js/main.js?v=3
[Sat Sep 12 14:00:19 2026] [::1]:54457 Closing
[Sat Sep 12 14:00:19 2026] [::1]:58954 Closing
[Sat Sep 12 14:00:19 2026] [::1]:62693 Closing
[Sat Sep 12 14:00:19 2026] [::1]:56739 Closing
[Sat Sep 12 14:00:19 2026] [::1]:54731 Accepted
[Sat Sep 12 14:00:19 2026] [::1]:54731 [200]: GET /assets/images/logo-icon.svg
[Sat Sep 12 14:00:19 2026] [::1]:54731 Closing
[Sat Sep 12 14:00:27 2026] [::1]:54243 Accepted
[Sat Sep 12 14:00:27 2026] [::1]:54243 [200]: GET /assets/css/style.css?v=15
[Sat Sep 12 14:00:27 2026] [::1]:54243 Closing
[Sat Sep 12 14:00:27 2026] [::1]:65030 Accepted
[Sat Sep 12 14:00:27 2026] [::1]:65030 [404]: GET /.well-known/appspecific/com.chrome.devtools.json - No such file or directory
[Sat Sep 12 14:00:27 2026] [::1]:65030 Closing
[Sat Sep 12 14:00:45 2026] [::1]:50298 Accepted
[Sat Sep 12 14:00:45 2026] [::1]:50298 [200]: GET /all-books.php?q=history
[Sat Sep 12 14:00:45 2026] [::1]:50298 Closing
[Sat Sep 12 14:00:45 2026] [::1]:51756 Accepted
[Sat Sep 12 14:00:45 2026] [::1]:50147 Accepted
[Sat Sep 12 14:00:45 2026] [::1]:51756 [200]: GET /assets/css/style.css?v=15
[Sat Sep 12 14:00:45 2026] [::1]:52525 Accepted
[Sat Sep 12 14:00:45 2026] [::1]:50147 [200]: GET /assets/images/logo.svg
[Sat Sep 12 14:00:45 2026] [::1]:52525 [200]: GET /assets/images/logo-icon.svg
[Sat Sep 12 14:00:45 2026] [::1]:51756 Closing
[Sat Sep 12 14:00:45 2026] [::1]:50147 Closing
[Sat Sep 12 14:00:45 2026] [::1]:52525 Closing
[Sat Sep 12 14:00:45 2026] [::1]:50035 Accepted
[Sat Sep 12 14:00:45 2026] [::1]:50035 [404]: GET /.well-known/appspecific/com.chrome.devtools.json - No such file or directory
[Sat Sep 12 14:00:45 2026] [::1]:50035 Closing
[Sat Sep 12 14:00:45 2026] [::1]:50564 Accepted
[Sat Sep 12 14:00:45 2026] [::1]:50564 [200]: GET /assets/js/main.js?v=3
[Sat Sep 12 14:00:45 2026] [::1]:50564 Closing
[Sat Sep 12 14:00:45 2026] [::1]:62122 Accepted
[Sat Sep 12 14:00:45 2026] [::1]:62122 [200]: GET /assets/images/logo-icon.svg
[Sat Sep 12 14:00:45 2026] [::1]:62122 Closing
[Sat Sep 12 14:00:58 2026] [::1]:59201 Accepted
[Sat Sep 12 14:00:59 2026] [::1]:59201 [200]: GET /index.php
[Sat Sep 12 14:00:59 2026] [::1]:59201 Closing
[Sat Sep 12 14:00:59 2026] [::1]:62183 Accepted
[Sat Sep 12 14:00:59 2026] [::1]:59520 Accepted
[Sat Sep 12 14:00:59 2026] [::1]:62183 [200]: GET /assets/css/style.css?v=15
[Sat Sep 12 14:00:59 2026] [::1]:62348 Accepted
[Sat Sep 12 14:00:59 2026] [::1]:59520 [200]: GET /assets/images/logo.svg
[Sat Sep 12 14:00:59 2026] [::1]:53797 Accepted
[Sat Sep 12 14:00:59 2026] [::1]:62348 [200]: GET /assets/images/logo-icon.svg
[Sat Sep 12 14:00:59 2026] [::1]:52932 Accepted
[Sat Sep 12 14:00:59 2026] [::1]:53797 [200]: GET /uploads/covers/cover_1789054153_2d1533d2.png
[Sat Sep 12 14:00:59 2026] [::1]:62183 Closing
[Sat Sep 12 14:00:59 2026] [::1]:55926 Accepted
[Sat Sep 12 14:00:59 2026] [::1]:52932 [404]: GET /.well-known/appspecific/com.chrome.devtools.json - No such file or directory
[Sat Sep 12 14:00:59 2026] [::1]:59520 Closing
[Sat Sep 12 14:00:59 2026] [::1]:55926 [200]: GET /assets/js/main.js?v=3
[Sat Sep 12 14:00:59 2026] [::1]:62348 Closing
[Sat Sep 12 14:00:59 2026] [::1]:52932 Closing
[Sat Sep 12 14:00:59 2026] [::1]:55926 Closing
[Sat Sep 12 14:00:59 2026] [::1]:53797 Closing
[Sat Sep 12 14:00:59 2026] [::1]:54028 Accepted
[Sat Sep 12 14:00:59 2026] [::1]:54028 [200]: GET /assets/images/logo-icon.svg
[Sat Sep 12 14:00:59 2026] [::1]:54028 Closing
[Sat Sep 12 14:04:23 2026] [::1]:61980 Accepted
[Sat Sep 12 14:04:23 2026] [::1]:61980 [200]: GET /index.php
[Sat Sep 12 14:04:23 2026] [::1]:61980 Closing
[Sat Sep 12 14:04:38 2026] [::1]:52071 Accepted
[Sat Sep 12 14:04:38 2026] [::1]:52071 [200]: GET /index.php
[Sat Sep 12 14:04:38 2026] [::1]:52071 Closing
[Sat Sep 12 14:04:53 2026] [::1]:59183 Accepted
[Sat Sep 12 14:04:53 2026] [::1]:59183 [200]: GET /index.php
[Sat Sep 12 14:04:53 2026] [::1]:59183 Closing
[Sat Sep 12 14:04:53 2026] [::1]:53585 Accepted
[Sat Sep 12 14:04:53 2026] [::1]:62178 Accepted
[Sat Sep 12 14:04:53 2026] [::1]:53585 [200]: GET /assets/css/style.css?v=16
[Sat Sep 12 14:04:53 2026] [::1]:55896 Accepted
[Sat Sep 12 14:04:53 2026] [::1]:62178 [200]: GET /assets/images/logo.svg
[Sat Sep 12 14:04:53 2026] [::1]:56204 Accepted
[Sat Sep 12 14:04:53 2026] [::1]:55896 [200]: GET /assets/images/logo-icon.svg
[Sat Sep 12 14:04:53 2026] [::1]:56204 [404]: GET /.well-known/appspecific/com.chrome.devtools.json - No such file or directory
[Sat Sep 12 14:04:53 2026] [::1]:53585 Closing
[Sat Sep 12 14:04:53 2026] [::1]:62178 Closing
[Sat Sep 12 14:04:53 2026] [::1]:56204 Closing
[Sat Sep 12 14:04:53 2026] [::1]:55896 Closing
[Sat Sep 12 14:04:53 2026] [::1]:52244 Accepted
[Sat Sep 12 14:04:53 2026] [::1]:57298 Accepted
[Sat Sep 12 14:04:53 2026] [::1]:52244 [200]: GET /assets/js/main.js?v=3
[Sat Sep 12 14:04:53 2026] [::1]:57298 [200]: GET /uploads/covers/cover_1789054153_2d1533d2.png
[Sat Sep 12 14:04:53 2026] [::1]:52244 Closing
[Sat Sep 12 14:04:54 2026] [::1]:57298 Closing
[Sat Sep 12 14:04:54 2026] [::1]:52654 Accepted
[Sat Sep 12 14:04:54 2026] [::1]:52654 [200]: GET /assets/images/logo-icon.svg
[Sat Sep 12 14:04:54 2026] [::1]:52654 Closing
[Sat Sep 12 14:05:04 2026] [::1]:55989 Accepted
[Sat Sep 12 14:05:04 2026] [::1]:55989 [200]: GET /index.php
[Sat Sep 12 14:05:04 2026] [::1]:55989 Closing
[Sat Sep 12 14:05:04 2026] [::1]:61668 Accepted
[Sat Sep 12 14:05:04 2026] [::1]:51523 Accepted
[Sat Sep 12 14:05:04 2026] [::1]:61668 [200]: GET /assets/css/style.css?v=16
[Sat Sep 12 14:05:04 2026] [::1]:51004 Accepted
[Sat Sep 12 14:05:04 2026] [::1]:51523 [200]: GET /assets/images/logo.svg
[Sat Sep 12 14:05:04 2026] [::1]:60802 Accepted
[Sat Sep 12 14:05:04 2026] [::1]:51004 [200]: GET /assets/images/logo-icon.svg
[Sat Sep 12 14:05:04 2026] [::1]:50376 Accepted
[Sat Sep 12 14:05:04 2026] [::1]:60802 [200]: GET /uploads/covers/cover_1789054153_2d1533d2.png
[Sat Sep 12 14:05:04 2026] [::1]:61668 Closing
[Sat Sep 12 14:05:04 2026] [::1]:50376 [200]: GET /assets/js/main.js?v=3
[Sat Sep 12 14:05:04 2026] [::1]:51523 Closing
[Sat Sep 12 14:05:04 2026] [::1]:51004 Closing
[Sat Sep 12 14:05:04 2026] [::1]:50376 Closing
[Sat Sep 12 14:05:04 2026] [::1]:60802 Closing
[Sat Sep 12 14:05:04 2026] [::1]:53573 Accepted
[Sat Sep 12 14:05:04 2026] [::1]:53573 [200]: GET /assets/images/logo-icon.svg
[Sat Sep 12 14:05:04 2026] [::1]:53573 Closing
[Sat Sep 12 14:06:42 2026] [::1]:63925 Accepted
[Sat Sep 12 14:06:42 2026] [::1]:63925 [200]: GET /index.php
[Sat Sep 12 14:06:42 2026] [::1]:63925 Closing
[Sat Sep 12 14:06:42 2026] [::1]:54912 Accepted
[Sat Sep 12 14:06:42 2026] [::1]:60344 Accepted
[Sat Sep 12 14:06:42 2026] [::1]:54912 [200]: GET /assets/css/style.css?v=16
[Sat Sep 12 14:06:42 2026] [::1]:62143 Accepted
[Sat Sep 12 14:06:42 2026] [::1]:60344 [200]: GET /assets/images/logo.svg
[Sat Sep 12 14:06:42 2026] [::1]:57919 Accepted
[Sat Sep 12 14:06:42 2026] [::1]:62143 [200]: GET /assets/images/logo-icon.svg
[Sat Sep 12 14:06:42 2026] [::1]:51967 Accepted
[Sat Sep 12 14:06:42 2026] [::1]:57919 [200]: GET /uploads/covers/cover_1789054153_2d1533d2.png
[Sat Sep 12 14:06:42 2026] [::1]:54912 Closing
[Sat Sep 12 14:06:42 2026] [::1]:51967 [200]: GET /assets/js/main.js?v=3
[Sat Sep 12 14:06:42 2026] [::1]:60344 Closing
[Sat Sep 12 14:06:42 2026] [::1]:62143 Closing
[Sat Sep 12 14:06:42 2026] [::1]:51967 Closing
[Sat Sep 12 14:06:42 2026] [::1]:57919 Closing
[Sat Sep 12 14:06:42 2026] [::1]:61355 Accepted
[Sat Sep 12 14:06:42 2026] [::1]:61355 [200]: GET /assets/images/logo-icon.svg
[Sat Sep 12 14:06:42 2026] [::1]:61355 Closing
[Sat Sep 12 14:07:24 2026] [::1]:63836 Accepted
[Sat Sep 12 14:07:24 2026] [::1]:63836 [200]: GET /all-books.php
[Sat Sep 12 14:07:24 2026] [::1]:63836 Closing
[Sat Sep 12 14:07:24 2026] [::1]:59194 Accepted
[Sat Sep 12 14:07:24 2026] [::1]:49668 Accepted
[Sat Sep 12 14:07:24 2026] [::1]:59194 [200]: GET /assets/css/style.css?v=16
[Sat Sep 12 14:07:24 2026] [::1]:57495 Accepted
[Sat Sep 12 14:07:24 2026] [::1]:49668 [200]: GET /assets/images/logo.svg
[Sat Sep 12 14:07:24 2026] [::1]:53107 Accepted
[Sat Sep 12 14:07:24 2026] [::1]:57495 [200]: GET /assets/images/logo-icon.svg
[Sat Sep 12 14:07:24 2026] [::1]:53275 Accepted
[Sat Sep 12 14:07:24 2026] [::1]:53107 [200]: GET /uploads/covers/cover_1789054153_2d1533d2.png
[Sat Sep 12 14:07:24 2026] [::1]:59194 Closing
[Sat Sep 12 14:07:24 2026] [::1]:53275 [200]: GET /assets/js/main.js?v=3
[Sat Sep 12 14:07:24 2026] [::1]:49668 Closing
[Sat Sep 12 14:07:24 2026] [::1]:57495 Closing
[Sat Sep 12 14:07:24 2026] [::1]:53275 Closing
[Sat Sep 12 14:07:24 2026] [::1]:53107 Closing
[Sat Sep 12 14:07:24 2026] [::1]:57786 Accepted
[Sat Sep 12 14:07:24 2026] [::1]:57786 [200]: GET /assets/images/logo-icon.svg
[Sat Sep 12 14:07:24 2026] [::1]:57786 Closing
[Sat Sep 12 14:07:35 2026] [::1]:64111 Accepted
[Sat Sep 12 14:07:36 2026] [::1]:64111 [200]: GET /all-books.php?subject=0&page=1
[Sat Sep 12 14:07:36 2026] [::1]:64111 Closing
[Sat Sep 12 14:07:36 2026] [::1]:59872 Accepted
[Sat Sep 12 14:07:36 2026] [::1]:53898 Accepted
[Sat Sep 12 14:07:36 2026] [::1]:59872 [200]: GET /assets/css/style.css?v=16
[Sat Sep 12 14:07:36 2026] [::1]:53479 Accepted
[Sat Sep 12 14:07:36 2026] [::1]:53898 [200]: GET /assets/images/logo.svg
[Sat Sep 12 14:07:36 2026] [::1]:60900 Accepted
[Sat Sep 12 14:07:36 2026] [::1]:53479 [200]: GET /assets/images/logo-icon.svg
[Sat Sep 12 14:07:36 2026] [::1]:57392 Accepted
[Sat Sep 12 14:07:36 2026] [::1]:60900 [200]: GET /uploads/covers/cover_1789054153_2d1533d2.png
[Sat Sep 12 14:07:36 2026] [::1]:59872 Closing
[Sat Sep 12 14:07:36 2026] [::1]:57392 [200]: GET /assets/js/main.js?v=3
[Sat Sep 12 14:07:36 2026] [::1]:53898 Closing
[Sat Sep 12 14:07:36 2026] [::1]:53479 Closing
[Sat Sep 12 14:07:36 2026] [::1]:57392 Closing
[Sat Sep 12 14:07:36 2026] [::1]:60900 Closing
[Sat Sep 12 14:07:36 2026] [::1]:62375 Accepted
[Sat Sep 12 14:07:36 2026] [::1]:62375 [200]: GET /assets/images/logo-icon.svg
[Sat Sep 12 14:07:36 2026] [::1]:62375 Closing
[Sat Sep 12 14:19:58 2026] [::1]:56383 Accepted
[Sat Sep 12 14:19:58 2026] [::1]:56383 [200]: GET /index.php
[Sat Sep 12 14:19:58 2026] [::1]:56383 Closing
[Sat Sep 12 14:20:38 2026] [::1]:53907 Accepted
[Sat Sep 12 14:20:39 2026] [::1]:53907 [200]: GET /index.php
[Sat Sep 12 14:20:39 2026] [::1]:53907 Closing
[Sat Sep 12 14:21:48 2026] [::1]:65343 Accepted
[Sat Sep 12 14:21:48 2026] [::1]:65343 [200]: GET /index.php
[Sat Sep 12 14:21:48 2026] [::1]:65343 Closing
[Sat Sep 12 14:23:01 2026] [::1]:63690 Accepted
[Sat Sep 12 14:23:01 2026] [::1]:63690 [200]: GET /index.php
[Sat Sep 12 14:23:01 2026] [::1]:63690 Closing
[Sat Sep 12 14:25:19 2026] [::1]:64783 Accepted
[Sat Sep 12 14:25:19 2026] [::1]:64783 [302]: POST /login.php
[Sat Sep 12 14:25:19 2026] [::1]:64783 Closing
[Sat Sep 12 14:25:19 2026] [::1]:64785 Accepted
[Sat Sep 12 14:25:19 2026] [::1]:64785 [200]: GET /login.php
[Sat Sep 12 14:25:19 2026] [::1]:64785 Closing
[Sat Sep 12 14:27:55 2026] [::1]:59675 Accepted
[Sat Sep 12 14:27:55 2026] [::1]:59675 [200]: GET /all-books.php?subject=0&page=1
[Sat Sep 12 14:27:55 2026] [::1]:59675 Closing
[Sat Sep 12 14:27:55 2026] [::1]:49672 Accepted
[Sat Sep 12 14:27:55 2026] [::1]:59310 Accepted
[Sat Sep 12 14:27:55 2026] [::1]:49672 [200]: GET /assets/css/style.css?v=17
[Sat Sep 12 14:27:55 2026] [::1]:60976 Accepted
[Sat Sep 12 14:27:55 2026] [::1]:59310 [200]: GET /assets/images/logo.svg
[Sat Sep 12 14:27:55 2026] [::1]:57785 Accepted
[Sat Sep 12 14:27:55 2026] [::1]:60976 [200]: GET /assets/images/logo-icon.svg
[Sat Sep 12 14:27:55 2026] [::1]:57785 [200]: GET /uploads/covers/cover_1789054153_2d1533d2.png
[Sat Sep 12 14:27:55 2026] [::1]:49672 Closing
[Sat Sep 12 14:27:55 2026] [::1]:65490 Accepted
[Sat Sep 12 14:27:55 2026] [::1]:59310 Closing
[Sat Sep 12 14:27:55 2026] [::1]:65490 [200]: GET /assets/js/main.js
[Sat Sep 12 14:27:55 2026] [::1]:60976 Closing
[Sat Sep 12 14:27:55 2026] [::1]:65490 Closing
[Sat Sep 12 14:27:55 2026] [::1]:57785 Closing
[Sat Sep 12 14:27:55 2026] [::1]:50720 Accepted
[Sat Sep 12 14:27:55 2026] [::1]:50720 [200]: GET /assets/images/logo-icon.svg
[Sat Sep 12 14:27:55 2026] [::1]:50720 Closing
[Sat Sep 12 14:27:57 2026] [::1]:61923 Accepted
[Sat Sep 12 14:27:58 2026] [::1]:61923 [200]: GET /account.php
[Sat Sep 12 14:27:58 2026] [::1]:61923 Closing
[Sat Sep 12 14:27:58 2026] [::1]:55086 Accepted
[Sat Sep 12 14:27:58 2026] [::1]:57843 Accepted
[Sat Sep 12 14:27:58 2026] [::1]:55086 [200]: GET /assets/css/style.css?v=17
[Sat Sep 12 14:27:58 2026] [::1]:64466 Accepted
[Sat Sep 12 14:27:58 2026] [::1]:57843 [200]: GET /assets/images/logo.svg
[Sat Sep 12 14:27:58 2026] [::1]:60071 Accepted
[Sat Sep 12 14:27:58 2026] [::1]:64466 [200]: GET /assets/images/logo-icon.svg
[Sat Sep 12 14:27:58 2026] [::1]:55316 Accepted
[Sat Sep 12 14:27:58 2026] [::1]:60071 [200]: GET /uploads/covers/cover_1789054153_2d1533d2.png
[Sat Sep 12 14:27:58 2026] [::1]:55086 Closing
[Sat Sep 12 14:27:58 2026] [::1]:55316 [200]: GET /assets/js/main.js
[Sat Sep 12 14:27:58 2026] [::1]:57843 Closing
[Sat Sep 12 14:27:58 2026] [::1]:64466 Closing
[Sat Sep 12 14:27:58 2026] [::1]:55316 Closing
[Sat Sep 12 14:27:58 2026] [::1]:60071 Closing
[Sat Sep 12 14:27:58 2026] [::1]:58012 Accepted
[Sat Sep 12 14:27:58 2026] [::1]:58012 [200]: GET /assets/images/logo-icon.svg
[Sat Sep 12 14:27:58 2026] [::1]:58012 Closing
[Sat Sep 12 14:28:02 2026] [::1]:55352 Accepted
[Sat Sep 12 14:28:03 2026] [::1]:55352 [200]: GET /download.php?book_id=1&order_id=4
[Sat Sep 12 14:28:03 2026] [::1]:55352 Closing
[Sat Sep 12 14:28:03 2026] [::1]:52391 Accepted
[Sat Sep 12 14:28:03 2026] [::1]:62264 Accepted
[Sat Sep 12 14:28:03 2026] [::1]:52391 [200]: GET /assets/css/style.css?v=17
[Sat Sep 12 14:28:03 2026] [::1]:50171 Accepted
[Sat Sep 12 14:28:03 2026] [::1]:62264 [200]: GET /assets/images/logo.svg
[Sat Sep 12 14:28:03 2026] [::1]:50171 [200]: GET /assets/images/logo-icon.svg
[Sat Sep 12 14:28:03 2026] [::1]:52391 Closing
[Sat Sep 12 14:28:03 2026] [::1]:62264 Closing
[Sat Sep 12 14:28:03 2026] [::1]:50171 Closing
[Sat Sep 12 14:28:03 2026] [::1]:49287 Accepted
[Sat Sep 12 14:28:03 2026] [::1]:49287 [200]: GET /assets/js/main.js
[Sat Sep 12 14:28:03 2026] [::1]:49287 Closing
[Sat Sep 12 14:28:03 2026] [::1]:52552 Accepted
[Sat Sep 12 14:28:03 2026] [::1]:52552 [200]: GET /assets/images/logo-icon.svg
[Sat Sep 12 14:28:03 2026] [::1]:52552 Closing
[Sat Sep 12 14:28:06 2026] [::1]:54969 Accepted
[Sat Sep 12 14:28:13 2026] [::1]:54969 [200]: GET /download.php?book_id=1&order_id=4&link_id=29
[Sat Sep 12 14:28:13 2026] [::1]:54969 Closing
[Sat Sep 12 14:28:13 2026] [::1]:51276 Accepted
[Sat Sep 12 14:28:28 2026] [::1]:51276 [200]: GET /account.php
[Sat Sep 12 14:28:28 2026] [::1]:51276 Closing
[Sat Sep 12 14:28:28 2026] [::1]:57326 Accepted
[Sat Sep 12 14:28:28 2026] [::1]:49668 Accepted
[Sat Sep 12 14:28:28 2026] [::1]:57326 [200]: GET /assets/css/style.css?v=17
[Sat Sep 12 14:28:28 2026] [::1]:58898 Accepted
[Sat Sep 12 14:28:28 2026] [::1]:49668 [200]: GET /assets/images/logo.svg
[Sat Sep 12 14:28:28 2026] [::1]:53272 Accepted
[Sat Sep 12 14:28:28 2026] [::1]:58898 [200]: GET /assets/images/logo-icon.svg
[Sat Sep 12 14:28:28 2026] [::1]:59176 Accepted
[Sat Sep 12 14:28:28 2026] [::1]:53272 [200]: GET /uploads/covers/cover_1789054153_2d1533d2.png
[Sat Sep 12 14:28:28 2026] [::1]:57326 Closing
[Sat Sep 12 14:28:28 2026] [::1]:59176 [200]: GET /assets/js/main.js
[Sat Sep 12 14:28:28 2026] [::1]:49668 Closing
[Sat Sep 12 14:28:28 2026] [::1]:58898 Closing
[Sat Sep 12 14:28:28 2026] [::1]:59176 Closing
[Sat Sep 12 14:28:28 2026] [::1]:53272 Closing
[Sat Sep 12 14:28:28 2026] [::1]:53586 Accepted
[Sat Sep 12 14:28:28 2026] [::1]:53586 [200]: GET /assets/images/logo-icon.svg
[Sat Sep 12 14:28:28 2026] [::1]:53586 Closing
[Sat Sep 12 14:28:50 2026] [::1]:55053 Accepted
[Sat Sep 12 14:28:50 2026] [::1]:55053 [200]: GET /admin/products.php
[Sat Sep 12 14:28:50 2026] [::1]:55053 Closing
[Sat Sep 12 14:28:50 2026] [::1]:55976 Accepted
[Sat Sep 12 14:28:50 2026] [::1]:55976 [200]: GET /assets/css/style.css?v=17
[Sat Sep 12 14:28:50 2026] [::1]:55976 Closing
[Sat Sep 12 14:28:50 2026] [::1]:54291 Accepted
[Sat Sep 12 14:28:50 2026] [::1]:54291 [200]: GET /uploads/covers/cover_1789054153_2d1533d2.png
[Sat Sep 12 14:28:50 2026] [::1]:54291 Closing
[Sat Sep 12 14:28:52 2026] [::1]:57673 Accepted
[Sat Sep 12 14:28:52 2026] [::1]:57673 [200]: GET /admin/reviews.php
[Sat Sep 12 14:28:52 2026] [::1]:57673 Closing
[Sat Sep 12 14:28:52 2026] [::1]:52493 Accepted
[Sat Sep 12 14:28:52 2026] [::1]:52493 [200]: GET /assets/css/style.css?v=17
[Sat Sep 12 14:28:52 2026] [::1]:52493 Closing
[Sat Sep 12 14:28:54 2026] [::1]:49672 Accepted
[Sat Sep 12 14:28:54 2026] [::1]:49672 [200]: GET /admin/reviews.php?status=approved
[Sat Sep 12 14:28:54 2026] [::1]:49672 Closing
[Sat Sep 12 14:28:54 2026] [::1]:49673 Accepted
[Sat Sep 12 14:28:54 2026] [::1]:49673 [200]: GET /assets/css/style.css?v=17
[Sat Sep 12 14:28:54 2026] [::1]:49673 Closing
[Sat Sep 12 14:29:02 2026] [::1]:54529 Accepted
[Sat Sep 12 14:29:03 2026] [::1]:54529 [200]: GET /admin/settings.php
[Sat Sep 12 14:29:03 2026] [::1]:54529 Closing
[Sat Sep 12 14:29:03 2026] [::1]:59789 Accepted
[Sat Sep 12 14:29:03 2026] [::1]:59789 [200]: GET /assets/css/style.css?v=17
[Sat Sep 12 14:29:03 2026] [::1]:59789 Closing
[Sat Sep 12 14:29:30 2026] [::1]:63793 Accepted
[Sat Sep 12 14:29:30 2026] [::1]:63793 [200]: GET /assets/css/style.css?v=17
[Sat Sep 12 14:29:30 2026] [::1]:63793 Closing
[Sat Sep 12 14:29:30 2026] [::1]:59209 Accepted
[Sat Sep 12 14:29:30 2026] [::1]:59209 [404]: GET /.well-known/appspecific/com.chrome.devtools.json - No such file or directory
[Sat Sep 12 14:29:30 2026] [::1]:59209 Closing
[Sat Sep 12 14:29:45 2026] [::1]:56317 Accepted
[Sat Sep 12 14:29:46 2026] [::1]:56317 [200]: GET /index.php
[Sat Sep 12 14:29:46 2026] [::1]:56317 Closing
[Sat Sep 12 14:29:46 2026] [::1]:57728 Accepted
[Sat Sep 12 14:29:46 2026] [::1]:49965 Accepted
[Sat Sep 12 14:29:46 2026] [::1]:57728 [200]: GET /assets/css/style.css?v=17
[Sat Sep 12 14:29:46 2026] [::1]:58648 Accepted
[Sat Sep 12 14:29:46 2026] [::1]:49965 [200]: GET /assets/images/logo.svg
[Sat Sep 12 14:29:46 2026] [::1]:58648 [200]: GET /assets/images/logo-icon.svg
[Sat Sep 12 14:29:46 2026] [::1]:57728 Closing
[Sat Sep 12 14:29:46 2026] [::1]:49965 Closing
[Sat Sep 12 14:29:46 2026] [::1]:58648 Closing
[Sat Sep 12 14:29:46 2026] [::1]:60824 Accepted
[Sat Sep 12 14:29:46 2026] [::1]:60824 [404]: GET /.well-known/appspecific/com.chrome.devtools.json - No such file or directory
[Sat Sep 12 14:29:46 2026] [::1]:51318 Accepted
[Sat Sep 12 14:29:46 2026] [::1]:60824 Closing
[Sat Sep 12 14:29:46 2026] [::1]:52427 Accepted
[Sat Sep 12 14:29:46 2026] [::1]:51318 [200]: GET /uploads/covers/cover_1789054153_2d1533d2.png
[Sat Sep 12 14:29:46 2026] [::1]:52427 [200]: GET /assets/js/main.js
[Sat Sep 12 14:29:46 2026] [::1]:52427 Closing
[Sat Sep 12 14:29:46 2026] [::1]:51318 Closing
[Sat Sep 12 14:29:46 2026] [::1]:52280 Accepted
[Sat Sep 12 14:29:46 2026] [::1]:52280 [200]: GET /assets/images/logo-icon.svg
[Sat Sep 12 14:29:46 2026] [::1]:52280 Closing
[Sat Sep 12 14:46:15 2026] [::1]:49399 Accepted
[Sat Sep 12 14:46:15 2026] [::1]:49399 [200]: GET /index.php
[Sat Sep 12 14:46:15 2026] [::1]:49399 Closing
[Sat Sep 12 14:46:15 2026] [::1]:50211 Accepted
[Sat Sep 12 14:46:15 2026] [::1]:51229 Accepted
[Sat Sep 12 14:46:15 2026] [::1]:50211 [200]: GET /assets/css/style.css?v=17
[Sat Sep 12 14:46:15 2026] [::1]:54830 Accepted
[Sat Sep 12 14:46:15 2026] [::1]:51229 [200]: GET /assets/images/logo.svg
[Sat Sep 12 14:46:15 2026] [::1]:61499 Accepted
[Sat Sep 12 14:46:15 2026] [::1]:54830 [200]: GET /assets/images/logo-icon.svg
[Sat Sep 12 14:46:15 2026] [::1]:61499 [404]: GET /.well-known/appspecific/com.chrome.devtools.json - No such file or directory
[Sat Sep 12 14:46:15 2026] [::1]:50211 Closing
[Sat Sep 12 14:46:15 2026] [::1]:51229 Closing
[Sat Sep 12 14:46:15 2026] [::1]:61499 Closing
[Sat Sep 12 14:46:15 2026] [::1]:54830 Closing
[Sat Sep 12 14:46:15 2026] [::1]:58020 Accepted
[Sat Sep 12 14:46:15 2026] [::1]:58020 [200]: GET /uploads/covers/cover_1789054153_2d1533d2.png
[Sat Sep 12 14:46:15 2026] [::1]:51986 Accepted
[Sat Sep 12 14:46:15 2026] [::1]:51986 [200]: GET /assets/js/main.js
[Sat Sep 12 14:46:15 2026] [::1]:51986 Closing
[Sat Sep 12 14:46:15 2026] [::1]:58020 Closing
[Sat Sep 12 14:46:16 2026] [::1]:59990 Accepted
[Sat Sep 12 14:46:16 2026] [::1]:59990 [200]: GET /assets/images/logo-icon.svg
[Sat Sep 12 14:46:16 2026] [::1]:59990 Closing
[Sat Sep 12 14:46:25 2026] [::1]:57698 Accepted
[Sat Sep 12 14:46:26 2026] [::1]:57698 [200]: GET /account.php
[Sat Sep 12 14:46:26 2026] [::1]:57698 Closing
[Sat Sep 12 14:46:26 2026] [::1]:51805 Accepted
[Sat Sep 12 14:46:26 2026] [::1]:56793 Accepted
[Sat Sep 12 14:46:26 2026] [::1]:51805 [200]: GET /assets/css/style.css?v=17
[Sat Sep 12 14:46:26 2026] [::1]:59600 Accepted
[Sat Sep 12 14:46:26 2026] [::1]:56793 [200]: GET /assets/images/logo.svg
[Sat Sep 12 14:46:26 2026] [::1]:64075 Accepted
[Sat Sep 12 14:46:26 2026] [::1]:59600 [200]: GET /assets/images/logo-icon.svg
[Sat Sep 12 14:46:26 2026] [::1]:55411 Accepted
[Sat Sep 12 14:46:26 2026] [::1]:64075 [200]: GET /uploads/covers/cover_1789054153_2d1533d2.png
[Sat Sep 12 14:46:26 2026] [::1]:51805 Closing
[Sat Sep 12 14:46:26 2026] [::1]:55411 [200]: GET /assets/js/main.js
[Sat Sep 12 14:46:26 2026] [::1]:56793 Closing
[Sat Sep 12 14:46:26 2026] [::1]:59600 Closing
[Sat Sep 12 14:46:26 2026] [::1]:55411 Closing
[Sat Sep 12 14:46:26 2026] [::1]:64075 Closing
[Sat Sep 12 14:46:26 2026] [::1]:50755 Accepted
[Sat Sep 12 14:46:26 2026] [::1]:50755 [200]: GET /assets/images/logo-icon.svg
[Sat Sep 12 14:46:26 2026] [::1]:50755 Closing
[Sat Sep 12 14:46:55 2026] [::1]:58696 Accepted
[Sat Sep 12 14:46:56 2026] [::1]:58696 [200]: GET /write-review.php?book_id=8&order_id=3
[Sat Sep 12 14:46:56 2026] [::1]:58696 Closing
[Sat Sep 12 14:46:56 2026] [::1]:49175 Accepted
[Sat Sep 12 14:46:56 2026] [::1]:52219 Accepted
[Sat Sep 12 14:46:56 2026] [::1]:49175 [200]: GET /assets/css/style.css?v=17
[Sat Sep 12 14:46:56 2026] [::1]:61079 Accepted
[Sat Sep 12 14:46:56 2026] [::1]:52219 [200]: GET /assets/images/logo.svg
[Sat Sep 12 14:46:56 2026] [::1]:61079 [200]: GET /assets/images/logo-icon.svg
[Sat Sep 12 14:46:56 2026] [::1]:49175 Closing
[Sat Sep 12 14:46:56 2026] [::1]:52219 Closing
[Sat Sep 12 14:46:56 2026] [::1]:61079 Closing
[Sat Sep 12 14:46:56 2026] [::1]:65329 Accepted
[Sat Sep 12 14:46:56 2026] [::1]:65329 [200]: GET /assets/js/main.js
[Sat Sep 12 14:46:56 2026] [::1]:65329 Closing
[Sat Sep 12 14:46:56 2026] [::1]:55972 Accepted
[Sat Sep 12 14:46:56 2026] [::1]:55972 [200]: GET /assets/images/logo-icon.svg
[Sat Sep 12 14:46:56 2026] [::1]:55972 Closing
[Sat Sep 12 14:47:33 2026] [::1]:63050 Accepted
[Sat Sep 12 14:47:33 2026] [::1]:63050 [302]: POST /write-review.php?book_id=8&order_id=3
[Sat Sep 12 14:47:33 2026] [::1]:63050 Closing
[Sat Sep 12 14:47:33 2026] [::1]:54754 Accepted
[Sat Sep 12 14:47:33 2026] [::1]:54754 [200]: GET /account.php
[Sat Sep 12 14:47:33 2026] [::1]:54754 Closing
[Sat Sep 12 14:47:33 2026] [::1]:64982 Accepted
[Sat Sep 12 14:47:33 2026] [::1]:52901 Accepted
[Sat Sep 12 14:47:33 2026] [::1]:64982 [200]: GET /assets/css/style.css?v=17
[Sat Sep 12 14:47:33 2026] [::1]:53971 Accepted
[Sat Sep 12 14:47:33 2026] [::1]:52901 [200]: GET /assets/images/logo.svg
[Sat Sep 12 14:47:33 2026] [::1]:60057 Accepted
[Sat Sep 12 14:47:33 2026] [::1]:53971 [200]: GET /assets/images/logo-icon.svg
[Sat Sep 12 14:47:33 2026] [::1]:51275 Accepted
[Sat Sep 12 14:47:33 2026] [::1]:60057 [200]: GET /uploads/covers/cover_1789054153_2d1533d2.png
[Sat Sep 12 14:47:33 2026] [::1]:64982 Closing
[Sat Sep 12 14:47:33 2026] [::1]:51275 [200]: GET /assets/js/main.js
[Sat Sep 12 14:47:33 2026] [::1]:52901 Closing
[Sat Sep 12 14:47:33 2026] [::1]:53971 Closing
[Sat Sep 12 14:47:33 2026] [::1]:51275 Closing
[Sat Sep 12 14:47:33 2026] [::1]:60057 Closing
[Sat Sep 12 14:47:33 2026] [::1]:49668 Accepted
[Sat Sep 12 14:47:33 2026] [::1]:49668 [200]: GET /assets/images/logo-icon.svg
[Sat Sep 12 14:47:33 2026] [::1]:49668 Closing
[Sat Sep 12 14:47:45 2026] [::1]:54417 Accepted
[Sat Sep 12 14:47:46 2026] [::1]:54417 [200]: GET /index.php
[Sat Sep 12 14:47:46 2026] [::1]:54417 Closing
[Sat Sep 12 14:47:46 2026] [::1]:50339 Accepted
[Sat Sep 12 14:47:46 2026] [::1]:61566 Accepted
[Sat Sep 12 14:47:46 2026] [::1]:50339 [200]: GET /assets/css/style.css?v=17
[Sat Sep 12 14:47:46 2026] [::1]:50177 Accepted
[Sat Sep 12 14:47:46 2026] [::1]:61566 [200]: GET /assets/images/logo.svg
[Sat Sep 12 14:47:46 2026] [::1]:59790 Accepted
[Sat Sep 12 14:47:46 2026] [::1]:50177 [200]: GET /assets/images/logo-icon.svg
[Sat Sep 12 14:47:46 2026] [::1]:64180 Accepted
[Sat Sep 12 14:47:46 2026] [::1]:59790 [200]: GET /uploads/covers/cover_1789054153_2d1533d2.png
[Sat Sep 12 14:47:46 2026] [::1]:50339 Closing
[Sat Sep 12 14:47:46 2026] [::1]:64180 [200]: GET /assets/js/main.js
[Sat Sep 12 14:47:46 2026] [::1]:61566 Closing
[Sat Sep 12 14:47:46 2026] [::1]:50177 Closing
[Sat Sep 12 14:47:46 2026] [::1]:64180 Closing
[Sat Sep 12 14:47:46 2026] [::1]:59790 Closing
[Sat Sep 12 14:47:46 2026] [::1]:52231 Accepted
[Sat Sep 12 14:47:46 2026] [::1]:52231 [200]: GET /assets/images/logo-icon.svg
[Sat Sep 12 14:47:46 2026] [::1]:52231 Closing
[Sat Sep 12 14:47:54 2026] [::1]:62643 Accepted
[Sat Sep 12 14:47:54 2026] [::1]:62643 [200]: GET /sales.php?book_id=11
[Sat Sep 12 14:47:54 2026] [::1]:62643 Closing
[Sat Sep 12 14:47:54 2026] [::1]:61473 Accepted
[Sat Sep 12 14:47:54 2026] [::1]:61690 Accepted
[Sat Sep 12 14:47:54 2026] [::1]:61473 [200]: GET /assets/css/style.css?v=17
[Sat Sep 12 14:47:54 2026] [::1]:52117 Accepted
[Sat Sep 12 14:47:54 2026] [::1]:61690 [200]: GET /assets/images/logo.svg
[Sat Sep 12 14:47:54 2026] [::1]:53157 Accepted
[Sat Sep 12 14:47:54 2026] [::1]:52117 [200]: GET /assets/images/logo-icon.svg
[Sat Sep 12 14:47:54 2026] [::1]:53157 [200]: GET /assets/img/momo.png
[Sat Sep 12 14:47:54 2026] [::1]:61473 Closing
[Sat Sep 12 14:47:54 2026] [::1]:61690 Closing
[Sat Sep 12 14:47:54 2026] [::1]:52117 Closing
[Sat Sep 12 14:47:54 2026] [::1]:53157 Closing
[Sat Sep 12 14:47:54 2026] [::1]:49871 Accepted
[Sat Sep 12 14:47:54 2026] [::1]:49871 [200]: GET /assets/js/main.js
[Sat Sep 12 14:47:54 2026] [::1]:49871 Closing
[Sat Sep 12 14:47:54 2026] [::1]:49933 Accepted
[Sat Sep 12 14:47:54 2026] [::1]:49933 [200]: GET /assets/images/logo-icon.svg
[Sat Sep 12 14:47:54 2026] [::1]:49933 Closing
[Sat Sep 12 14:47:58 2026] [::1]:49937 Accepted
[Sat Sep 12 14:47:58 2026] [::1]:49937 [302]: POST /upsell1.php
[Sat Sep 12 14:47:58 2026] [::1]:49937 Closing
[Sat Sep 12 14:47:58 2026] [::1]:63494 Accepted
[Sat Sep 12 14:47:58 2026] [::1]:63494 [200]: GET /upsell2.php?book_id=11
[Sat Sep 12 14:47:58 2026] [::1]:63494 Closing
[Sat Sep 12 14:47:58 2026] [::1]:62253 Accepted
[Sat Sep 12 14:47:58 2026] [::1]:59333 Accepted
[Sat Sep 12 14:47:58 2026] [::1]:62253 [200]: GET /assets/css/style.css?v=17
[Sat Sep 12 14:47:58 2026] [::1]:64528 Accepted
[Sat Sep 12 14:47:58 2026] [::1]:59333 [200]: GET /assets/images/logo.svg
[Sat Sep 12 14:47:58 2026] [::1]:64528 [200]: GET /assets/images/logo-icon.svg
[Sat Sep 12 14:47:58 2026] [::1]:62253 Closing
[Sat Sep 12 14:47:58 2026] [::1]:59333 Closing
[Sat Sep 12 14:47:58 2026] [::1]:64528 Closing
[Sat Sep 12 14:47:58 2026] [::1]:56253 Accepted
[Sat Sep 12 14:47:58 2026] [::1]:56253 [200]: GET /assets/js/main.js
[Sat Sep 12 14:47:58 2026] [::1]:56253 Closing
[Sat Sep 12 14:47:58 2026] [::1]:50775 Accepted
[Sat Sep 12 14:47:58 2026] [::1]:50775 [200]: GET /assets/images/logo-icon.svg
[Sat Sep 12 14:47:58 2026] [::1]:50775 Closing
[Sat Sep 12 14:48:01 2026] [::1]:60785 Accepted
[Sat Sep 12 14:48:01 2026] [::1]:60785 [302]: POST /upsell2.php?book_id=11
[Sat Sep 12 14:48:01 2026] [::1]:60785 Closing
[Sat Sep 12 14:48:01 2026] [::1]:55631 Accepted
[Sat Sep 12 14:48:01 2026] [::1]:55631 [200]: GET /payment.php?book_id=11
[Sat Sep 12 14:48:01 2026] [::1]:55631 Closing
[Sat Sep 12 14:48:01 2026] [::1]:52233 Accepted
[Sat Sep 12 14:48:01 2026] [::1]:63448 Accepted
[Sat Sep 12 14:48:01 2026] [::1]:52233 [200]: GET /assets/css/style.css?v=17
[Sat Sep 12 14:48:01 2026] [::1]:56506 Accepted
[Sat Sep 12 14:48:01 2026] [::1]:63448 [200]: GET /assets/images/logo.svg
[Sat Sep 12 14:48:01 2026] [::1]:56506 [200]: GET /assets/images/logo-icon.svg
[Sat Sep 12 14:48:01 2026] [::1]:52233 Closing
[Sat Sep 12 14:48:01 2026] [::1]:63448 Closing
[Sat Sep 12 14:48:01 2026] [::1]:56506 Closing
[Sat Sep 12 14:48:01 2026] [::1]:56356 Accepted
[Sat Sep 12 14:48:01 2026] [::1]:56356 [200]: GET /assets/js/main.js
[Sat Sep 12 14:48:01 2026] [::1]:56356 Closing
[Sat Sep 12 14:48:01 2026] [::1]:58071 Accepted
[Sat Sep 12 14:48:01 2026] [::1]:58071 [200]: GET /assets/images/logo-icon.svg
[Sat Sep 12 14:48:01 2026] [::1]:58071 Closing
[Sat Sep 12 14:48:18 2026] [::1]:53749 Accepted
[Sat Sep 12 14:48:21 2026] [::1]:53749 [302]: GET /payment.php?book_id=11&remove=11
[Sat Sep 12 14:48:21 2026] [::1]:53749 Closing
[Sat Sep 12 14:48:21 2026] [::1]:62147 Accepted
[Sat Sep 12 14:48:21 2026] [::1]:62147 [200]: GET /payment.php?book_id=11
[Sat Sep 12 14:48:21 2026] [::1]:62147 Closing
[Sat Sep 12 14:48:21 2026] [::1]:50023 Accepted
[Sat Sep 12 14:48:21 2026] [::1]:64635 Accepted
[Sat Sep 12 14:48:21 2026] [::1]:50023 [200]: GET /assets/css/style.css?v=17
[Sat Sep 12 14:48:21 2026] [::1]:60194 Accepted
[Sat Sep 12 14:48:21 2026] [::1]:64635 [200]: GET /assets/images/logo.svg
[Sat Sep 12 14:48:21 2026] [::1]:60194 [200]: GET /assets/images/logo-icon.svg
[Sat Sep 12 14:48:21 2026] [::1]:50023 Closing
[Sat Sep 12 14:48:21 2026] [::1]:64635 Closing
[Sat Sep 12 14:48:21 2026] [::1]:60194 Closing
[Sat Sep 12 14:48:21 2026] [::1]:49849 Accepted
[Sat Sep 12 14:48:21 2026] [::1]:49849 [200]: GET /assets/js/main.js
[Sat Sep 12 14:48:21 2026] [::1]:49849 Closing
[Sat Sep 12 14:48:21 2026] [::1]:56645 Accepted
[Sat Sep 12 14:48:21 2026] [::1]:56645 [200]: GET /assets/images/logo-icon.svg
[Sat Sep 12 14:48:21 2026] [::1]:56645 Closing
[Sat Sep 12 14:48:25 2026] [::1]:54487 Accepted
[Sat Sep 12 14:48:27 2026] [::1]:54487 [302]: GET /payment.php?book_id=11&remove=7
[Sat Sep 12 14:48:27 2026] [::1]:54487 Closing
[Sat Sep 12 14:48:27 2026] [::1]:58240 Accepted
[Sat Sep 12 14:48:27 2026] [::1]:58240 [302]: GET /payment.php?book_id=11
[Sat Sep 12 14:48:27 2026] [::1]:58240 Closing
[Sat Sep 12 14:48:27 2026] [::1]:58225 Accepted
[Sat Sep 12 14:48:27 2026] [::1]:58225 [200]: GET /index.php
[Sat Sep 12 14:48:27 2026] [::1]:58225 Closing
[Sat Sep 12 14:48:27 2026] [::1]:60783 Accepted
[Sat Sep 12 14:48:27 2026] [::1]:63213 Accepted
[Sat Sep 12 14:48:27 2026] [::1]:60783 [200]: GET /assets/css/style.css?v=17
[Sat Sep 12 14:48:27 2026] [::1]:54355 Accepted
[Sat Sep 12 14:48:27 2026] [::1]:63213 [200]: GET /assets/images/logo.svg
[Sat Sep 12 14:48:27 2026] [::1]:60699 Accepted
[Sat Sep 12 14:48:27 2026] [::1]:54355 [200]: GET /assets/images/logo-icon.svg
[Sat Sep 12 14:48:27 2026] [::1]:50086 Accepted
[Sat Sep 12 14:48:27 2026] [::1]:60699 [200]: GET /uploads/covers/cover_1789054153_2d1533d2.png
[Sat Sep 12 14:48:27 2026] [::1]:60783 Closing
[Sat Sep 12 14:48:27 2026] [::1]:50086 [200]: GET /assets/js/main.js
[Sat Sep 12 14:48:27 2026] [::1]:63213 Closing
[Sat Sep 12 14:48:27 2026] [::1]:54355 Closing
[Sat Sep 12 14:48:27 2026] [::1]:50086 Closing
[Sat Sep 12 14:48:27 2026] [::1]:60699 Closing
[Sat Sep 12 14:48:27 2026] [::1]:55702 Accepted
[Sat Sep 12 14:48:27 2026] [::1]:55702 [200]: GET /assets/images/logo-icon.svg
[Sat Sep 12 14:48:27 2026] [::1]:55702 Closing
[Sat Sep 12 14:48:47 2026] [::1]:54884 Accepted
[Sat Sep 12 14:48:48 2026] [::1]:54884 [200]: GET /sales.php?book_id=10
[Sat Sep 12 14:48:48 2026] [::1]:54884 Closing
[Sat Sep 12 14:48:48 2026] [::1]:64947 Accepted
[Sat Sep 12 14:48:48 2026] [::1]:57169 Accepted
[Sat Sep 12 14:48:48 2026] [::1]:64947 [200]: GET /assets/css/style.css?v=17
[Sat Sep 12 14:48:48 2026] [::1]:53940 Accepted
[Sat Sep 12 14:48:48 2026] [::1]:57169 [200]: GET /assets/images/logo.svg
[Sat Sep 12 14:48:48 2026] [::1]:60491 Accepted
[Sat Sep 12 14:48:48 2026] [::1]:53940 [200]: GET /assets/images/logo-icon.svg
[Sat Sep 12 14:48:48 2026] [::1]:60491 [200]: GET /assets/img/momo.png
[Sat Sep 12 14:48:48 2026] [::1]:64947 Closing
[Sat Sep 12 14:48:48 2026] [::1]:57169 Closing
[Sat Sep 12 14:48:48 2026] [::1]:53940 Closing
[Sat Sep 12 14:48:48 2026] [::1]:60491 Closing
[Sat Sep 12 14:48:48 2026] [::1]:60789 Accepted
[Sat Sep 12 14:48:48 2026] [::1]:60789 [200]: GET /assets/js/main.js
[Sat Sep 12 14:48:48 2026] [::1]:60789 Closing
[Sat Sep 12 14:48:48 2026] [::1]:64893 Accepted
[Sat Sep 12 14:48:48 2026] [::1]:64893 [200]: GET /assets/images/logo-icon.svg
[Sat Sep 12 14:48:48 2026] [::1]:64893 Closing
[Sat Sep 12 15:25:03 2026] [::1]:61983 Accepted
[Sat Sep 12 15:25:04 2026] [::1]:61983 [200]: GET /index.php
[Sat Sep 12 15:25:04 2026] [::1]:61983 Closing
[Sat Sep 12 15:29:10 2026] [::1]:63367 Accepted
[Sat Sep 12 15:29:10 2026] [::1]:63367 [200]: GET /sales.php?book_id=10
[Sat Sep 12 15:29:10 2026] [::1]:63367 Closing
[Sat Sep 12 15:29:10 2026] [::1]:50575 Accepted
[Sat Sep 12 15:29:10 2026] [::1]:55072 Accepted
[Sat Sep 12 15:29:10 2026] [::1]:50575 [200]: GET /assets/css/style.css?v=17
[Sat Sep 12 15:29:10 2026] [::1]:53434 Accepted
[Sat Sep 12 15:29:10 2026] [::1]:55072 [200]: GET /assets/images/logo.svg
[Sat Sep 12 15:29:10 2026] [::1]:53434 [200]: GET /assets/images/logo-icon.svg
[Sat Sep 12 15:29:10 2026] [::1]:54180 Accepted
[Sat Sep 12 15:29:10 2026] [::1]:50575 Closing
[Sat Sep 12 15:29:10 2026] [::1]:54180 [200]: GET /assets/img/momo.png
[Sat Sep 12 15:29:10 2026] [::1]:55072 Closing
[Sat Sep 12 15:29:10 2026] [::1]:53434 Closing
[Sat Sep 12 15:29:10 2026] [::1]:54180 Closing
[Sat Sep 12 15:29:10 2026] [::1]:59712 Accepted
[Sat Sep 12 15:29:10 2026] [::1]:59712 [200]: GET /assets/js/main.js
[Sat Sep 12 15:29:10 2026] [::1]:59712 Closing
[Sat Sep 12 15:29:10 2026] [::1]:56186 Accepted
[Sat Sep 12 15:29:10 2026] [::1]:56186 [200]: GET /assets/images/logo-icon.svg
[Sat Sep 12 15:29:10 2026] [::1]:56186 Closing
[Sat Sep 12 15:29:12 2026] [::1]:56471 Accepted
[Sat Sep 12 15:29:12 2026] [::1]:56471 [200]: GET /index.php
[Sat Sep 12 15:29:12 2026] [::1]:56471 Closing
[Sat Sep 12 15:29:12 2026] [::1]:59909 Accepted
[Sat Sep 12 15:29:12 2026] [::1]:61019 Accepted
[Sat Sep 12 15:29:12 2026] [::1]:59909 [200]: GET /assets/css/style.css?v=17
[Sat Sep 12 15:29:12 2026] [::1]:54508 Accepted
[Sat Sep 12 15:29:12 2026] [::1]:61019 [200]: GET /assets/images/logo.svg
[Sat Sep 12 15:29:12 2026] [::1]:58533 Accepted
[Sat Sep 12 15:29:12 2026] [::1]:54508 [200]: GET /assets/images/logo-icon.svg
[Sat Sep 12 15:29:12 2026] [::1]:58255 Accepted
[Sat Sep 12 15:29:12 2026] [::1]:58533 [200]: GET /uploads/covers/cover_1789054153_2d1533d2.png
[Sat Sep 12 15:29:12 2026] [::1]:59909 Closing
[Sat Sep 12 15:29:12 2026] [::1]:58255 [200]: GET /assets/js/main.js
[Sat Sep 12 15:29:12 2026] [::1]:61019 Closing
[Sat Sep 12 15:29:12 2026] [::1]:54508 Closing
[Sat Sep 12 15:29:12 2026] [::1]:58255 Closing
[Sat Sep 12 15:29:12 2026] [::1]:58533 Closing
[Sat Sep 12 15:29:12 2026] [::1]:51233 Accepted
[Sat Sep 12 15:29:12 2026] [::1]:51233 [200]: GET /assets/images/logo-icon.svg
[Sat Sep 12 15:29:12 2026] [::1]:51233 Closing
[Sat Sep 12 15:29:45 2026] [::1]:55146 Accepted
[Sat Sep 12 15:29:45 2026] [::1]:55146 [302]: POST /admin/settings.php
[Sat Sep 12 15:29:45 2026] [::1]:55146 Closing
[Sat Sep 12 15:29:45 2026] [::1]:57019 Accepted
[Sat Sep 12 15:29:45 2026] [::1]:57019 [200]: GET /admin/settings.php
[Sat Sep 12 15:29:45 2026] [::1]:57019 Closing
[Sat Sep 12 15:29:45 2026] [::1]:65392 Accepted
[Sat Sep 12 15:29:45 2026] [::1]:65392 [200]: GET /assets/css/style.css?v=17
[Sat Sep 12 15:29:45 2026] [::1]:65392 Closing
[Sat Sep 12 15:29:52 2026] [::1]:64175 Accepted
[Sat Sep 12 15:29:53 2026] [::1]:64175 [200]: GET /index.php
[Sat Sep 12 15:29:53 2026] [::1]:64175 Closing
[Sat Sep 12 15:29:53 2026] [::1]:65182 Accepted
[Sat Sep 12 15:29:53 2026] [::1]:51390 Accepted
[Sat Sep 12 15:29:53 2026] [::1]:65182 [200]: GET /assets/css/style.css?v=17
[Sat Sep 12 15:29:53 2026] [::1]:57569 Accepted
[Sat Sep 12 15:29:53 2026] [::1]:51390 [200]: GET /assets/images/logo.svg
[Sat Sep 12 15:29:53 2026] [::1]:49694 Accepted
[Sat Sep 12 15:29:53 2026] [::1]:57569 [200]: GET /assets/images/logo-icon.svg
[Sat Sep 12 15:29:53 2026] [::1]:56646 Accepted
[Sat Sep 12 15:29:53 2026] [::1]:49694 [200]: GET /uploads/covers/cover_1789054153_2d1533d2.png
[Sat Sep 12 15:29:53 2026] [::1]:65182 Closing
[Sat Sep 12 15:29:53 2026] [::1]:56646 [200]: GET /assets/js/main.js
[Sat Sep 12 15:29:53 2026] [::1]:51390 Closing
[Sat Sep 12 15:29:53 2026] [::1]:57569 Closing
[Sat Sep 12 15:29:53 2026] [::1]:56646 Closing
[Sat Sep 12 15:29:53 2026] [::1]:49694 Closing
[Sat Sep 12 15:29:53 2026] [::1]:54090 Accepted
[Sat Sep 12 15:29:53 2026] [::1]:54090 [200]: GET /assets/images/logo-icon.svg
[Sat Sep 12 15:29:53 2026] [::1]:54090 Closing
[Sat Sep 12 15:32:16 2026] [::1]:61431 Accepted
[Sat Sep 12 15:32:16 2026] [::1]:61431 [200]: GET /index.php
[Sat Sep 12 15:32:16 2026] [::1]:61431 Closing
[Sat Sep 12 15:32:16 2026] [::1]:50828 Accepted
[Sat Sep 12 15:32:16 2026] [::1]:61364 Accepted
[Sat Sep 12 15:32:16 2026] [::1]:50828 [200]: GET /assets/css/style.css?v=17
[Sat Sep 12 15:32:16 2026] [::1]:58702 Accepted
[Sat Sep 12 15:32:16 2026] [::1]:61364 [200]: GET /assets/images/logo.svg
[Sat Sep 12 15:32:16 2026] [::1]:65434 Accepted
[Sat Sep 12 15:32:16 2026] [::1]:58702 [200]: GET /assets/images/logo-icon.svg
[Sat Sep 12 15:32:16 2026] [::1]:64461 Accepted
[Sat Sep 12 15:32:16 2026] [::1]:65434 [200]: GET /uploads/covers/cover_1789054153_2d1533d2.png
[Sat Sep 12 15:32:16 2026] [::1]:50828 Closing
[Sat Sep 12 15:32:16 2026] [::1]:64461 [200]: GET /assets/js/main.js
[Sat Sep 12 15:32:16 2026] [::1]:61364 Closing
[Sat Sep 12 15:32:16 2026] [::1]:58702 Closing
[Sat Sep 12 15:32:16 2026] [::1]:64461 Closing
[Sat Sep 12 15:32:16 2026] [::1]:65434 Closing
[Sat Sep 12 15:32:16 2026] [::1]:61572 Accepted
[Sat Sep 12 15:32:16 2026] [::1]:61572 [200]: GET /assets/images/logo-icon.svg
[Sat Sep 12 15:32:16 2026] [::1]:61572 Closing
[Sat Sep 12 15:35:30 2026] [::1]:58222 Accepted
[Sat Sep 12 15:35:30 2026] [::1]:58222 [200]: GET /index.php
[Sat Sep 12 15:35:30 2026] [::1]:58222 Closing
[Sat Sep 12 15:35:30 2026] [::1]:60044 Accepted
[Sat Sep 12 15:35:30 2026] [::1]:55081 Accepted
[Sat Sep 12 15:35:30 2026] [::1]:60044 [200]: GET /assets/css/style.css?v=17
[Sat Sep 12 15:35:30 2026] [::1]:60236 Accepted
[Sat Sep 12 15:35:30 2026] [::1]:55081 [200]: GET /assets/images/logo.svg
[Sat Sep 12 15:35:30 2026] [::1]:60751 Accepted
[Sat Sep 12 15:35:30 2026] [::1]:60236 [200]: GET /assets/images/logo-icon.svg
[Sat Sep 12 15:35:30 2026] [::1]:54002 Accepted
[Sat Sep 12 15:35:30 2026] [::1]:60751 [200]: GET /uploads/covers/cover_1789054153_2d1533d2.png
[Sat Sep 12 15:35:30 2026] [::1]:60044 Closing
[Sat Sep 12 15:35:30 2026] [::1]:54002 [200]: GET /assets/js/main.js
[Sat Sep 12 15:35:30 2026] [::1]:55081 Closing
[Sat Sep 12 15:35:30 2026] [::1]:60236 Closing
[Sat Sep 12 15:35:30 2026] [::1]:54002 Closing
[Sat Sep 12 15:35:30 2026] [::1]:60751 Closing
[Sat Sep 12 15:35:30 2026] [::1]:52124 Accepted
[Sat Sep 12 15:35:30 2026] [::1]:52124 [200]: GET /assets/images/logo-icon.svg
[Sat Sep 12 15:35:30 2026] [::1]:52124 Closing
[Sat Sep 12 15:35:32 2026] [::1]:55442 Accepted
[Sat Sep 12 15:35:33 2026] [::1]:55442 [200]: GET /index.php
[Sat Sep 12 15:35:33 2026] [::1]:55442 Closing
[Sat Sep 12 15:35:33 2026] [::1]:62531 Accepted
[Sat Sep 12 15:35:33 2026] [::1]:58996 Accepted
[Sat Sep 12 15:35:33 2026] [::1]:62531 [200]: GET /assets/css/style.css?v=17
[Sat Sep 12 15:35:33 2026] [::1]:63897 Accepted
[Sat Sep 12 15:35:33 2026] [::1]:58996 [200]: GET /assets/images/logo.svg
[Sat Sep 12 15:35:33 2026] [::1]:64110 Accepted
[Sat Sep 12 15:35:33 2026] [::1]:63897 [200]: GET /assets/images/logo-icon.svg
[Sat Sep 12 15:35:33 2026] [::1]:62834 Accepted
[Sat Sep 12 15:35:33 2026] [::1]:64110 [200]: GET /uploads/covers/cover_1789054153_2d1533d2.png
[Sat Sep 12 15:35:33 2026] [::1]:62531 Closing
[Sat Sep 12 15:35:33 2026] [::1]:62834 [200]: GET /assets/js/main.js
[Sat Sep 12 15:35:33 2026] [::1]:58996 Closing
[Sat Sep 12 15:35:33 2026] [::1]:63897 Closing
[Sat Sep 12 15:35:33 2026] [::1]:62834 Closing
[Sat Sep 12 15:35:33 2026] [::1]:64110 Closing
[Sat Sep 12 15:35:33 2026] [::1]:63211 Accepted
[Sat Sep 12 15:35:33 2026] [::1]:63211 [200]: GET /assets/images/logo-icon.svg
[Sat Sep 12 15:35:33 2026] [::1]:63211 Closing
[Sat Sep 12 15:35:40 2026] [::1]:51177 Accepted
[Sat Sep 12 15:35:40 2026] [::1]:51177 [200]: GET /sales.php?book_id=11
[Sat Sep 12 15:35:40 2026] [::1]:51177 Closing
[Sat Sep 12 15:35:40 2026] [::1]:58356 Accepted
[Sat Sep 12 15:35:40 2026] [::1]:50190 Accepted
[Sat Sep 12 15:35:40 2026] [::1]:58356 [200]: GET /assets/css/style.css?v=17
[Sat Sep 12 15:35:40 2026] [::1]:54026 Accepted
[Sat Sep 12 15:35:40 2026] [::1]:50190 [200]: GET /assets/images/logo.svg
[Sat Sep 12 15:35:40 2026] [::1]:56008 Accepted
[Sat Sep 12 15:35:40 2026] [::1]:54026 [200]: GET /assets/images/logo-icon.svg
[Sat Sep 12 15:35:40 2026] [::1]:56008 [200]: GET /assets/img/momo.png
[Sat Sep 12 15:35:40 2026] [::1]:58356 Closing
[Sat Sep 12 15:35:40 2026] [::1]:50190 Closing
[Sat Sep 12 15:35:40 2026] [::1]:54026 Closing
[Sat Sep 12 15:35:40 2026] [::1]:56008 Closing
[Sat Sep 12 15:35:40 2026] [::1]:50764 Accepted
[Sat Sep 12 15:35:40 2026] [::1]:50764 [200]: GET /assets/js/main.js
[Sat Sep 12 15:35:40 2026] [::1]:50764 Closing
[Sat Sep 12 15:35:40 2026] [::1]:49668 Accepted
[Sat Sep 12 15:35:40 2026] [::1]:49668 [200]: GET /assets/images/logo-icon.svg
[Sat Sep 12 15:35:40 2026] [::1]:49668 Closing
[Sat Sep 12 15:54:05 2026] [::1]:51111 Accepted
[Sat Sep 12 15:54:05 2026] [::1]:51111 [200]: GET /sales.php?book_id=11
[Sat Sep 12 15:54:05 2026] [::1]:51111 Closing
[Sat Sep 12 15:54:05 2026] [::1]:61011 Accepted
[Sat Sep 12 15:54:05 2026] [::1]:60028 Accepted
[Sat Sep 12 15:54:05 2026] [::1]:61011 [200]: GET /assets/css/style.css?v=17
[Sat Sep 12 15:54:05 2026] [::1]:62971 Accepted
[Sat Sep 12 15:54:05 2026] [::1]:60028 [200]: GET /assets/images/logo.svg
[Sat Sep 12 15:54:05 2026] [::1]:58851 Accepted
[Sat Sep 12 15:54:05 2026] [::1]:62971 [200]: GET /assets/images/logo-icon.svg
[Sat Sep 12 15:54:05 2026] [::1]:58851 [200]: GET /assets/img/momo.png
[Sat Sep 12 15:54:05 2026] [::1]:61011 Closing
[Sat Sep 12 15:54:05 2026] [::1]:60028 Closing
[Sat Sep 12 15:54:05 2026] [::1]:62971 Closing
[Sat Sep 12 15:54:05 2026] [::1]:58851 Closing
[Sat Sep 12 15:54:05 2026] [::1]:57166 Accepted
[Sat Sep 12 15:54:05 2026] [::1]:57166 [200]: GET /assets/js/main.js
[Sat Sep 12 15:54:05 2026] [::1]:57166 Closing
[Sat Sep 12 15:54:05 2026] [::1]:50966 Accepted
[Sat Sep 12 15:54:05 2026] [::1]:50966 [200]: GET /assets/images/logo-icon.svg
[Sat Sep 12 15:54:05 2026] [::1]:50966 Closing
[Sat Sep 12 15:54:07 2026] [::1]:53479 Accepted
[Sat Sep 12 15:54:08 2026] [::1]:53479 [302]: GET /logout.php
[Sat Sep 12 15:54:08 2026] [::1]:53479 Closing
[Sat Sep 12 15:54:08 2026] [::1]:62760 Accepted
[Sat Sep 12 15:54:08 2026] [::1]:62760 [200]: GET /index.php
[Sat Sep 12 15:54:08 2026] [::1]:62760 Closing
[Sat Sep 12 15:54:08 2026] [::1]:63460 Accepted
[Sat Sep 12 15:54:08 2026] [::1]:56835 Accepted
[Sat Sep 12 15:54:08 2026] [::1]:63460 [200]: GET /assets/css/style.css?v=17
[Sat Sep 12 15:54:08 2026] [::1]:54826 Accepted
[Sat Sep 12 15:54:08 2026] [::1]:56835 [200]: GET /assets/images/logo.svg
[Sat Sep 12 15:54:08 2026] [::1]:50637 Accepted
[Sat Sep 12 15:54:08 2026] [::1]:54826 [200]: GET /assets/images/logo-icon.svg
[Sat Sep 12 15:54:08 2026] [::1]:54523 Accepted
[Sat Sep 12 15:54:08 2026] [::1]:50637 [200]: GET /uploads/covers/cover_1789054153_2d1533d2.png
[Sat Sep 12 15:54:08 2026] [::1]:63460 Closing
[Sat Sep 12 15:54:08 2026] [::1]:54523 [200]: GET /assets/js/main.js
[Sat Sep 12 15:54:08 2026] [::1]:56835 Closing
[Sat Sep 12 15:54:08 2026] [::1]:54826 Closing
[Sat Sep 12 15:54:08 2026] [::1]:54523 Closing
[Sat Sep 12 15:54:08 2026] [::1]:50637 Closing
[Sat Sep 12 15:54:08 2026] [::1]:57563 Accepted
[Sat Sep 12 15:54:08 2026] [::1]:57563 [200]: GET /assets/images/logo-icon.svg
[Sat Sep 12 15:54:08 2026] [::1]:57563 Closing
[Sat Sep 12 15:54:10 2026] [::1]:51549 Accepted
[Sat Sep 12 15:54:10 2026] [::1]:51549 [200]: GET /index.php
[Sat Sep 12 15:54:10 2026] [::1]:51549 Closing
[Sat Sep 12 15:54:10 2026] [::1]:53616 Accepted
[Sat Sep 12 15:54:10 2026] [::1]:57482 Accepted
[Sat Sep 12 15:54:10 2026] [::1]:53616 [200]: GET /assets/css/style.css?v=17
[Sat Sep 12 15:54:10 2026] [::1]:55491 Accepted
[Sat Sep 12 15:54:10 2026] [::1]:57482 [200]: GET /assets/images/logo.svg
[Sat Sep 12 15:54:10 2026] [::1]:50734 Accepted
[Sat Sep 12 15:54:10 2026] [::1]:55491 [200]: GET /assets/images/logo-icon.svg
[Sat Sep 12 15:54:10 2026] [::1]:52768 Accepted
[Sat Sep 12 15:54:10 2026] [::1]:50734 [200]: GET /uploads/covers/cover_1789054153_2d1533d2.png
[Sat Sep 12 15:54:10 2026] [::1]:53616 Closing
[Sat Sep 12 15:54:10 2026] [::1]:52768 [200]: GET /assets/js/main.js
[Sat Sep 12 15:54:10 2026] [::1]:57482 Closing
[Sat Sep 12 15:54:10 2026] [::1]:55491 Closing
[Sat Sep 12 15:54:10 2026] [::1]:52768 Closing
[Sat Sep 12 15:54:10 2026] [::1]:50734 Closing
[Sat Sep 12 15:54:10 2026] [::1]:52528 Accepted
[Sat Sep 12 15:54:10 2026] [::1]:52528 [200]: GET /assets/images/logo-icon.svg
[Sat Sep 12 15:54:10 2026] [::1]:52528 Closing
[Sat Sep 12 15:54:17 2026] [::1]:52850 Accepted
[Sat Sep 12 15:54:17 2026] [::1]:52850 [302]: GET /sales.php?book_id=2
[Sat Sep 12 15:54:17 2026] [::1]:52850 Closing
[Sat Sep 12 15:54:17 2026] [::1]:53248 Accepted
[Sat Sep 12 15:54:17 2026] [::1]:53248 [200]: GET /lead-capture.php?next=sales.php%3Fbook_id%3D2
[Sat Sep 12 15:54:17 2026] [::1]:53248 Closing
[Sat Sep 12 15:54:17 2026] [::1]:52537 Accepted
[Sat Sep 12 15:54:17 2026] [::1]:57700 Accepted
[Sat Sep 12 15:54:17 2026] [::1]:52537 [200]: GET /assets/css/style.css?v=17
[Sat Sep 12 15:54:17 2026] [::1]:61722 Accepted
[Sat Sep 12 15:54:17 2026] [::1]:57700 [200]: GET /assets/images/logo.svg
[Sat Sep 12 15:54:17 2026] [::1]:61722 [200]: GET /assets/images/logo-icon.svg
[Sat Sep 12 15:54:17 2026] [::1]:52537 Closing
[Sat Sep 12 15:54:17 2026] [::1]:57700 Closing
[Sat Sep 12 15:54:17 2026] [::1]:61722 Closing
[Sat Sep 12 15:54:17 2026] [::1]:62456 Accepted
[Sat Sep 12 15:54:17 2026] [::1]:62456 [200]: GET /assets/js/main.js
[Sat Sep 12 15:54:17 2026] [::1]:62456 Closing
[Sat Sep 12 15:54:17 2026] [::1]:56164 Accepted
[Sat Sep 12 15:54:17 2026] [::1]:56164 [200]: GET /assets/images/logo-icon.svg
[Sat Sep 12 15:54:17 2026] [::1]:56164 Closing
[Sat Sep 12 15:57:00 2026] [::1]:58566 Accepted
[Sat Sep 12 15:57:01 2026] [::1]:58566 [200]: GET /lead-capture.php?next=sales.php%3Fbook_id%3D2
[Sat Sep 12 15:57:01 2026] [::1]:58566 Closing
[Sat Sep 12 15:57:01 2026] [::1]:60866 Accepted
[Sat Sep 12 15:57:01 2026] [::1]:60785 Accepted
[Sat Sep 12 15:57:01 2026] [::1]:60866 [200]: GET /assets/css/style.css?v=17
[Sat Sep 12 15:57:01 2026] [::1]:62131 Accepted
[Sat Sep 12 15:57:01 2026] [::1]:60785 [200]: GET /assets/images/logo.svg
[Sat Sep 12 15:57:01 2026] [::1]:62131 [200]: GET /assets/images/logo-icon.svg
[Sat Sep 12 15:57:01 2026] [::1]:60866 Closing
[Sat Sep 12 15:57:01 2026] [::1]:60785 Closing
[Sat Sep 12 15:57:01 2026] [::1]:62131 Closing
[Sat Sep 12 15:57:01 2026] [::1]:58053 Accepted
[Sat Sep 12 15:57:01 2026] [::1]:58053 [200]: GET /assets/js/main.js
[Sat Sep 12 15:57:01 2026] [::1]:58053 Closing
[Sat Sep 12 15:57:01 2026] [::1]:57369 Accepted
[Sat Sep 12 15:57:01 2026] [::1]:57369 [200]: GET /assets/images/logo-icon.svg
[Sat Sep 12 15:57:01 2026] [::1]:57369 Closing
[Sat Sep 12 15:57:13 2026] [::1]:61260 Accepted
[Sat Sep 12 15:57:13 2026] [::1]:61260 [200]: GET /lead-capture.php?next=sales.php%3Fbook_id%3D2
[Sat Sep 12 15:57:13 2026] [::1]:61260 Closing
[Sat Sep 12 15:57:13 2026] [::1]:53640 Accepted
[Sat Sep 12 15:57:13 2026] [::1]:56481 Accepted
[Sat Sep 12 15:57:13 2026] [::1]:53640 [200]: GET /assets/css/style.css?v=17
[Sat Sep 12 15:57:13 2026] [::1]:60281 Accepted
[Sat Sep 12 15:57:13 2026] [::1]:56481 [200]: GET /assets/images/logo.svg
[Sat Sep 12 15:57:13 2026] [::1]:60281 [200]: GET /assets/images/logo-icon.svg
[Sat Sep 12 15:57:13 2026] [::1]:53640 Closing
[Sat Sep 12 15:57:13 2026] [::1]:56481 Closing
[Sat Sep 12 15:57:13 2026] [::1]:60281 Closing
[Sat Sep 12 15:57:13 2026] [::1]:50267 Accepted
[Sat Sep 12 15:57:13 2026] [::1]:50267 [200]: GET /assets/js/main.js
[Sat Sep 12 15:57:13 2026] [::1]:50267 Closing
[Sat Sep 12 15:57:13 2026] [::1]:63057 Accepted
[Sat Sep 12 15:57:13 2026] [::1]:63057 [200]: GET /assets/images/logo-icon.svg
[Sat Sep 12 15:57:13 2026] [::1]:63057 Closing
[Sat Sep 12 15:57:21 2026] [::1]:49668 Accepted
[Sat Sep 12 15:57:21 2026] [::1]:49668 [200]: GET /index.php
[Sat Sep 12 15:57:21 2026] [::1]:49668 Closing
[Sat Sep 12 15:57:21 2026] [::1]:61457 Accepted
[Sat Sep 12 15:57:21 2026] [::1]:60777 Accepted
[Sat Sep 12 15:57:21 2026] [::1]:61457 [200]: GET /assets/css/style.css?v=17
[Sat Sep 12 15:57:21 2026] [::1]:53351 Accepted
[Sat Sep 12 15:57:21 2026] [::1]:60777 [200]: GET /assets/images/logo.svg
[Sat Sep 12 15:57:21 2026] [::1]:53609 Accepted
[Sat Sep 12 15:57:21 2026] [::1]:53351 [200]: GET /assets/images/logo-icon.svg
[Sat Sep 12 15:57:21 2026] [::1]:64693 Accepted
[Sat Sep 12 15:57:21 2026] [::1]:53609 [200]: GET /uploads/covers/cover_1789054153_2d1533d2.png
[Sat Sep 12 15:57:21 2026] [::1]:61457 Closing
[Sat Sep 12 15:57:21 2026] [::1]:64693 [200]: GET /assets/js/main.js
[Sat Sep 12 15:57:21 2026] [::1]:60777 Closing
[Sat Sep 12 15:57:21 2026] [::1]:53351 Closing
[Sat Sep 12 15:57:21 2026] [::1]:64693 Closing
[Sat Sep 12 15:57:21 2026] [::1]:53609 Closing
[Sat Sep 12 15:57:22 2026] [::1]:61073 Accepted
[Sat Sep 12 15:57:22 2026] [::1]:61073 [200]: GET /assets/images/logo-icon.svg
[Sat Sep 12 15:57:22 2026] [::1]:61073 Closing
[Sat Sep 12 15:57:22 2026] [::1]:59335 Accepted
[Sat Sep 12 15:57:23 2026] [::1]:59335 [200]: GET /all-books.php
[Sat Sep 12 15:57:23 2026] [::1]:59335 Closing
[Sat Sep 12 15:57:23 2026] [::1]:63478 Accepted
[Sat Sep 12 15:57:23 2026] [::1]:52218 Accepted
[Sat Sep 12 15:57:23 2026] [::1]:63478 [200]: GET /assets/css/style.css?v=17
[Sat Sep 12 15:57:23 2026] [::1]:56108 Accepted
[Sat Sep 12 15:57:23 2026] [::1]:52218 [200]: GET /assets/images/logo.svg
[Sat Sep 12 15:57:23 2026] [::1]:53410 Accepted
[Sat Sep 12 15:57:23 2026] [::1]:56108 [200]: GET /assets/images/logo-icon.svg
[Sat Sep 12 15:57:23 2026] [::1]:58328 Accepted
[Sat Sep 12 15:57:23 2026] [::1]:53410 [200]: GET /uploads/covers/cover_1789054153_2d1533d2.png
[Sat Sep 12 15:57:23 2026] [::1]:63478 Closing
[Sat Sep 12 15:57:23 2026] [::1]:58328 [200]: GET /assets/js/main.js
[Sat Sep 12 15:57:23 2026] [::1]:52218 Closing
[Sat Sep 12 15:57:23 2026] [::1]:56108 Closing
[Sat Sep 12 15:57:23 2026] [::1]:58328 Closing
[Sat Sep 12 15:57:23 2026] [::1]:53410 Closing
[Sat Sep 12 15:57:23 2026] [::1]:59549 Accepted
[Sat Sep 12 15:57:23 2026] [::1]:59549 [200]: GET /assets/images/logo-icon.svg
[Sat Sep 12 15:57:23 2026] [::1]:59549 Closing
[Sat Sep 12 15:57:25 2026] [::1]:64043 Accepted
[Sat Sep 12 15:57:25 2026] [::1]:64043 [200]: GET /subjects.php?level=secondary
[Sat Sep 12 15:57:25 2026] [::1]:64043 Closing
[Sat Sep 12 15:57:25 2026] [::1]:64716 Accepted
[Sat Sep 12 15:57:25 2026] [::1]:52375 Accepted
[Sat Sep 12 15:57:25 2026] [::1]:64716 [200]: GET /assets/css/style.css?v=17
[Sat Sep 12 15:57:25 2026] [::1]:56994 Accepted
[Sat Sep 12 15:57:25 2026] [::1]:52375 [200]: GET /assets/images/logo.svg
[Sat Sep 12 15:57:25 2026] [::1]:56994 [200]: GET /assets/images/logo-icon.svg
[Sat Sep 12 15:57:25 2026] [::1]:64716 Closing
[Sat Sep 12 15:57:25 2026] [::1]:52375 Closing
[Sat Sep 12 15:57:25 2026] [::1]:56994 Closing
[Sat Sep 12 15:57:25 2026] [::1]:54963 Accepted
[Sat Sep 12 15:57:25 2026] [::1]:54963 [200]: GET /assets/js/main.js
[Sat Sep 12 15:57:25 2026] [::1]:54963 Closing
[Sat Sep 12 15:57:25 2026] [::1]:61434 Accepted
[Sat Sep 12 15:57:25 2026] [::1]:61434 [200]: GET /assets/images/logo-icon.svg
[Sat Sep 12 15:57:25 2026] [::1]:61434 Closing
[Sat Sep 12 15:57:29 2026] [::1]:53258 Accepted
[Sat Sep 12 15:57:30 2026] [::1]:53258 [200]: GET /subjects.php?level=primary
[Sat Sep 12 15:57:30 2026] [::1]:53258 Closing
[Sat Sep 12 15:57:30 2026] [::1]:60318 Accepted
[Sat Sep 12 15:57:30 2026] [::1]:60450 Accepted
[Sat Sep 12 15:57:30 2026] [::1]:60318 [200]: GET /assets/css/style.css?v=17
[Sat Sep 12 15:57:30 2026] [::1]:49922 Accepted
[Sat Sep 12 15:57:30 2026] [::1]:60450 [200]: GET /assets/images/logo.svg
[Sat Sep 12 15:57:30 2026] [::1]:49922 [200]: GET /assets/images/logo-icon.svg
[Sat Sep 12 15:57:30 2026] [::1]:60318 Closing
[Sat Sep 12 15:57:30 2026] [::1]:60450 Closing
[Sat Sep 12 15:57:30 2026] [::1]:49922 Closing
[Sat Sep 12 15:57:30 2026] [::1]:56174 Accepted
[Sat Sep 12 15:57:30 2026] [::1]:56174 [200]: GET /assets/js/main.js
[Sat Sep 12 15:57:30 2026] [::1]:56174 Closing
[Sat Sep 12 15:57:30 2026] [::1]:53072 Accepted
[Sat Sep 12 15:57:30 2026] [::1]:53072 [200]: GET /assets/images/logo-icon.svg
[Sat Sep 12 15:57:30 2026] [::1]:53072 Closing
[Sat Sep 12 15:57:31 2026] [::1]:65386 Accepted
[Sat Sep 12 15:57:32 2026] [::1]:65386 [200]: GET /login.php
[Sat Sep 12 15:57:32 2026] [::1]:65386 Closing
[Sat Sep 12 15:57:32 2026] [::1]:53826 Accepted
[Sat Sep 12 15:57:32 2026] [::1]:52173 Accepted
[Sat Sep 12 15:57:32 2026] [::1]:53826 [200]: GET /assets/css/style.css?v=17
[Sat Sep 12 15:57:32 2026] [::1]:61058 Accepted
[Sat Sep 12 15:57:32 2026] [::1]:52173 [200]: GET /assets/images/logo.svg
[Sat Sep 12 15:57:32 2026] [::1]:61058 [200]: GET /assets/images/logo-icon.svg
[Sat Sep 12 15:57:32 2026] [::1]:53826 Closing
[Sat Sep 12 15:57:32 2026] [::1]:52173 Closing
[Sat Sep 12 15:57:32 2026] [::1]:61058 Closing
[Sat Sep 12 15:57:32 2026] [::1]:59513 Accepted
[Sat Sep 12 15:57:32 2026] [::1]:59513 [200]: GET /assets/js/main.js
[Sat Sep 12 15:57:32 2026] [::1]:59513 Closing
[Sat Sep 12 15:57:32 2026] [::1]:54966 Accepted
[Sat Sep 12 15:57:32 2026] [::1]:54966 [200]: GET /assets/images/logo-icon.svg
[Sat Sep 12 15:57:32 2026] [::1]:54966 Closing
[Sat Sep 12 15:57:39 2026] [::1]:50295 Accepted
[Sat Sep 12 15:57:39 2026] [::1]:50295 [200]: GET /assets/css/style.css?v=17
[Sat Sep 12 15:57:39 2026] [::1]:50295 Closing
[Sat Sep 12 15:57:39 2026] [::1]:60517 Accepted
[Sat Sep 12 15:57:39 2026] [::1]:60517 [404]: GET /.well-known/appspecific/com.chrome.devtools.json - No such file or directory
[Sat Sep 12 15:57:39 2026] [::1]:60517 Closing
[Sat Sep 12 15:59:57 2026] [::1]:50114 Accepted
[Sat Sep 12 15:59:57 2026] [::1]:50114 [200]: GET /login.php
[Sat Sep 12 15:59:57 2026] [::1]:50114 Closing
[Sat Sep 12 15:59:57 2026] [::1]:61988 Accepted
[Sat Sep 12 15:59:57 2026] [::1]:55723 Accepted
[Sat Sep 12 15:59:57 2026] [::1]:61988 [200]: GET /assets/css/style.css?v=17
[Sat Sep 12 15:59:57 2026] [::1]:59131 Accepted
[Sat Sep 12 15:59:57 2026] [::1]:55723 [200]: GET /assets/images/logo.svg
[Sat Sep 12 15:59:57 2026] [::1]:59131 [200]: GET /assets/images/logo-icon.svg
[Sat Sep 12 15:59:57 2026] [::1]:61988 Closing
[Sat Sep 12 15:59:57 2026] [::1]:55723 Closing
[Sat Sep 12 15:59:57 2026] [::1]:59131 Closing
[Sat Sep 12 15:59:58 2026] [::1]:64956 Accepted
[Sat Sep 12 15:59:58 2026] [::1]:64956 [200]: GET /assets/js/main.js
[Sat Sep 12 15:59:58 2026] [::1]:64956 Closing
[Sat Sep 12 15:59:58 2026] [::1]:49695 Accepted
[Sat Sep 12 15:59:58 2026] [::1]:49695 [200]: GET /assets/images/logo-icon.svg
[Sat Sep 12 15:59:58 2026] [::1]:49695 Closing
[Sat Sep 12 16:03:05 2026] [::1]:54736 Accepted
[Sat Sep 12 16:03:06 2026] [::1]:54736 [200]: GET /login.php
[Sat Sep 12 16:03:06 2026] [::1]:54736 Closing
[Sat Sep 12 16:03:06 2026] [::1]:54368 Accepted
[Sat Sep 12 16:03:06 2026] [::1]:57930 Accepted
[Sat Sep 12 16:03:06 2026] [::1]:54368 [200]: GET /assets/css/style.css?v=17
[Sat Sep 12 16:03:06 2026] [::1]:51044 Accepted
[Sat Sep 12 16:03:06 2026] [::1]:57930 [200]: GET /assets/images/logo.svg
[Sat Sep 12 16:03:06 2026] [::1]:51044 [200]: GET /assets/images/logo-icon.svg
[Sat Sep 12 16:03:06 2026] [::1]:54368 Closing
[Sat Sep 12 16:03:06 2026] [::1]:57930 Closing
[Sat Sep 12 16:03:06 2026] [::1]:51044 Closing
[Sat Sep 12 16:03:06 2026] [::1]:59060 Accepted
[Sat Sep 12 16:03:06 2026] [::1]:59060 [200]: GET /assets/js/main.js
[Sat Sep 12 16:03:06 2026] [::1]:59060 Closing
[Sat Sep 12 16:03:06 2026] [::1]:53226 Accepted
[Sat Sep 12 16:03:06 2026] [::1]:53226 [200]: GET /assets/images/logo-icon.svg
[Sat Sep 12 16:03:06 2026] [::1]:53226 Closing
[Sat Sep 12 16:03:11 2026] [::1]:64290 Accepted
[Sat Sep 12 16:03:11 2026] [::1]:64290 [200]: GET /assets/css/style.css?v=17
[Sat Sep 12 16:03:11 2026] [::1]:64290 Closing
[Sat Sep 12 16:03:11 2026] [::1]:58912 Accepted
[Sat Sep 12 16:03:11 2026] [::1]:58912 [404]: GET /.well-known/appspecific/com.chrome.devtools.json - No such file or directory
[Sat Sep 12 16:03:11 2026] [::1]:58912 Closing
[Sat Sep 12 16:10:22 2026] [::1]:58509 Accepted
[Sat Sep 12 16:10:22 2026] [::1]:58509 [200]: GET /login.php
[Sat Sep 12 16:10:22 2026] [::1]:58509 Closing
[Sat Sep 12 16:10:22 2026] [::1]:63028 Accepted
[Sat Sep 12 16:10:22 2026] [::1]:63028 [200]: GET /assets/css/style.css?v=17
[Sat Sep 12 16:10:22 2026] [::1]:59383 Accepted
[Sat Sep 12 16:10:22 2026] [::1]:59383 [200]: GET /assets/images/logo.svg
[Sat Sep 12 16:10:22 2026] [::1]:49176 Accepted
[Sat Sep 12 16:10:22 2026] [::1]:63028 Closing
[Sat Sep 12 16:10:22 2026] [::1]:49176 [200]: GET /assets/images/logo-icon.svg
[Sat Sep 12 16:10:22 2026] [::1]:59383 Closing
[Sat Sep 12 16:10:22 2026] [::1]:49176 Closing
[Sat Sep 12 16:10:22 2026] [::1]:65346 Accepted
[Sat Sep 12 16:10:22 2026] [::1]:65346 [200]: GET /assets/js/main.js
[Sat Sep 12 16:10:22 2026] [::1]:65346 Closing
[Sat Sep 12 16:10:22 2026] [::1]:54342 Accepted
[Sat Sep 12 16:10:22 2026] [::1]:54342 [404]: GET /.well-known/appspecific/com.chrome.devtools.json - No such file or directory
[Sat Sep 12 16:10:22 2026] [::1]:54342 Closing
[Sat Sep 12 16:10:23 2026] [::1]:53065 Accepted
[Sat Sep 12 16:10:23 2026] [::1]:53065 [200]: GET /assets/images/logo-icon.svg
[Sat Sep 12 16:10:23 2026] [::1]:53065 Closing
[Sat Sep 12 16:10:39 2026] [::1]:65474 Accepted
[Sat Sep 12 16:10:39 2026] [::1]:65474 [200]: GET /login.php
[Sat Sep 12 16:10:39 2026] [::1]:65474 Closing
[Sat Sep 12 16:10:39 2026] [::1]:54335 Accepted
[Sat Sep 12 16:10:39 2026] [::1]:56043 Accepted
[Sat Sep 12 16:10:39 2026] [::1]:54335 [200]: GET /assets/css/style.css?v=17
[Sat Sep 12 16:10:39 2026] [::1]:65013 Accepted
[Sat Sep 12 16:10:39 2026] [::1]:56043 [200]: GET /assets/images/logo.svg
[Sat Sep 12 16:10:39 2026] [::1]:65013 [200]: GET /assets/images/logo-icon.svg
[Sat Sep 12 16:10:39 2026] [::1]:54335 Closing
[Sat Sep 12 16:10:39 2026] [::1]:56043 Closing
[Sat Sep 12 16:10:39 2026] [::1]:65013 Closing
[Sat Sep 12 16:10:39 2026] [::1]:62516 Accepted
[Sat Sep 12 16:10:39 2026] [::1]:62516 [200]: GET /assets/js/main.js
[Sat Sep 12 16:10:39 2026] [::1]:62516 Closing
[Sat Sep 12 16:10:40 2026] [::1]:52508 Accepted
[Sat Sep 12 16:10:40 2026] [::1]:52508 [200]: GET /assets/images/logo-icon.svg
[Sat Sep 12 16:10:40 2026] [::1]:52508 Closing
[Sat Sep 12 16:13:23 2026] [::1]:57003 Accepted
[Sat Sep 12 16:13:23 2026] [::1]:57003 [200]: GET /admin/settings.php
[Sat Sep 12 16:13:23 2026] [::1]:57003 Closing
[Sat Sep 12 16:13:23 2026] [::1]:56656 Accepted
[Sat Sep 12 16:13:23 2026] [::1]:56656 [200]: GET /assets/css/style.css?v=17
[Sat Sep 12 16:13:23 2026] [::1]:56656 Closing
[Sat Sep 12 16:13:53 2026] [::1]:63794 Accepted
[Sat Sep 12 16:13:53 2026] [::1]:63794 [302]: POST /admin/settings.php
[Sat Sep 12 16:13:53 2026] [::1]:63794 Closing
[Sat Sep 12 16:13:53 2026] [::1]:53971 Accepted
[Sat Sep 12 16:13:53 2026] [::1]:53971 [200]: GET /admin/settings.php
[Sat Sep 12 16:13:53 2026] [::1]:53971 Closing
[Sat Sep 12 16:13:53 2026] [::1]:49225 Accepted
[Sat Sep 12 16:13:53 2026] [::1]:49225 [200]: GET /assets/css/style.css?v=17
[Sat Sep 12 16:13:53 2026] [::1]:49225 Closing
[Sat Sep 12 16:14:05 2026] [::1]:64747 Accepted
[Sat Sep 12 16:14:05 2026] [::1]:64747 [200]: GET /login.php
[Sat Sep 12 16:14:05 2026] [::1]:64747 Closing
[Sat Sep 12 16:14:05 2026] [::1]:56780 Accepted
[Sat Sep 12 16:14:05 2026] [::1]:49363 Accepted
[Sat Sep 12 16:14:05 2026] [::1]:56780 [200]: GET /assets/css/style.css?v=17
[Sat Sep 12 16:14:05 2026] [::1]:53287 Accepted
[Sat Sep 12 16:14:05 2026] [::1]:49363 [200]: GET /assets/images/logo.svg
[Sat Sep 12 16:14:05 2026] [::1]:53287 [200]: GET /assets/images/logo-icon.svg
[Sat Sep 12 16:14:05 2026] [::1]:56780 Closing
[Sat Sep 12 16:14:05 2026] [::1]:49363 Closing
[Sat Sep 12 16:14:05 2026] [::1]:53287 Closing
[Sat Sep 12 16:14:05 2026] [::1]:53705 Accepted
[Sat Sep 12 16:14:05 2026] [::1]:53705 [200]: GET /assets/js/main.js
[Sat Sep 12 16:14:05 2026] [::1]:53705 Closing
[Sat Sep 12 16:14:05 2026] [::1]:53355 Accepted
[Sat Sep 12 16:14:05 2026] [::1]:53355 [200]: GET /assets/images/logo-icon.svg
[Sat Sep 12 16:14:05 2026] [::1]:53355 Closing
[Sat Sep 12 16:14:26 2026] [::1]:60296 Accepted
[Sat Sep 12 16:14:26 2026] [::1]:60296 [200]: GET /login.php
[Sat Sep 12 16:14:26 2026] [::1]:60296 Closing
[Sat Sep 12 16:14:26 2026] [::1]:58879 Accepted
[Sat Sep 12 16:14:26 2026] [::1]:52291 Accepted
[Sat Sep 12 16:14:26 2026] [::1]:58879 [200]: GET /assets/css/style.css?v=17
[Sat Sep 12 16:14:26 2026] [::1]:58725 Accepted
[Sat Sep 12 16:14:26 2026] [::1]:52291 [200]: GET /assets/images/logo.svg
[Sat Sep 12 16:14:26 2026] [::1]:58725 [200]: GET /assets/images/logo-icon.svg
[Sat Sep 12 16:14:26 2026] [::1]:58879 Closing
[Sat Sep 12 16:14:26 2026] [::1]:52291 Closing
[Sat Sep 12 16:14:26 2026] [::1]:58725 Closing
[Sat Sep 12 16:14:26 2026] [::1]:55805 Accepted
[Sat Sep 12 16:14:26 2026] [::1]:55805 [200]: GET /assets/js/main.js
[Sat Sep 12 16:14:26 2026] [::1]:55805 Closing
[Sat Sep 12 16:14:27 2026] [::1]:58451 Accepted
[Sat Sep 12 16:14:27 2026] [::1]:58451 [200]: GET /assets/images/logo-icon.svg
[Sat Sep 12 16:14:27 2026] [::1]:58451 Closing
[Sat Sep 12 16:14:34 2026] [::1]:58068 Accepted
[Sat Sep 12 16:14:34 2026] [::1]:58068 [200]: GET /index.php
[Sat Sep 12 16:14:34 2026] [::1]:58068 Closing
[Sat Sep 12 16:14:34 2026] [::1]:53345 Accepted
[Sat Sep 12 16:14:34 2026] [::1]:63917 Accepted
[Sat Sep 12 16:14:34 2026] [::1]:53345 [200]: GET /assets/css/style.css?v=17
[Sat Sep 12 16:14:34 2026] [::1]:56980 Accepted
[Sat Sep 12 16:14:34 2026] [::1]:63917 [200]: GET /assets/images/logo.svg
[Sat Sep 12 16:14:34 2026] [::1]:56980 [200]: GET /assets/images/logo-icon.svg
[Sat Sep 12 16:14:34 2026] [::1]:53345 Closing
[Sat Sep 12 16:14:34 2026] [::1]:63917 Closing
[Sat Sep 12 16:14:34 2026] [::1]:56980 Closing
[Sat Sep 12 16:14:34 2026] [::1]:50541 Accepted
[Sat Sep 12 16:14:34 2026] [::1]:50541 [200]: GET /uploads/covers/cover_1789054153_2d1533d2.png
[Sat Sep 12 16:14:34 2026] [::1]:50002 Accepted
[Sat Sep 12 16:14:34 2026] [::1]:50002 [200]: GET /assets/js/main.js
[Sat Sep 12 16:14:34 2026] [::1]:50002 Closing
[Sat Sep 12 16:14:34 2026] [::1]:50541 Closing
[Sat Sep 12 16:14:34 2026] [::1]:52719 Accepted
[Sat Sep 12 16:14:34 2026] [::1]:52719 [200]: GET /assets/images/logo-icon.svg
[Sat Sep 12 16:14:34 2026] [::1]:52719 Closing
[Sat Sep 12 16:14:53 2026] [::1]:65516 Accepted
[Sat Sep 12 16:14:53 2026] [::1]:65516 [200]: GET /assets/css/style.css?v=17
[Sat Sep 12 16:14:53 2026] [::1]:65516 Closing
[Sat Sep 12 16:14:54 2026] [::1]:59110 Accepted
[Sat Sep 12 16:14:54 2026] [::1]:59110 [404]: GET /.well-known/appspecific/com.chrome.devtools.json - No such file or directory
[Sat Sep 12 16:14:54 2026] [::1]:59110 Closing
